Rk,Player,Pos,Age,Tm,G,GS,MP,FG,FGA,FG%,3P,3PA,3P%,2P,2PA,2P%,FT,FTA,FT%,ORB,DRB,TRB,AST,STL,BLK,TOV,PF,PTS,,ORtg,DRtg,Player-additional
1,Precious Achiuwa,PF-C,24,TOT,54,15,1213,7.4,14.9,0.496,0.9,3.3,0.259,6.6,11.6,0.563,2.2,3.5,0.616,5.9,8.4,14.4,2.9,1.4,1.9,2.4,4.2,17.8,,114,114,achiupr01
1,Precious Achiuwa,C,24,TOR,25,0,437,8.6,18.8,0.459,1.4,5.2,0.277,7.2,13.6,0.528,2.7,4.6,0.571,5.5,9.5,15,4.9,1.8,1.3,3.2,4.4,21.3,,107,115,achiupr01
1,Precious Achiuwa,PF,24,NYK,29,15,776,6.7,12.7,0.528,0.5,2.2,0.235,6.2,10.5,0.589,1.9,2.8,0.659,6.2,7.8,14,1.8,1.2,2.2,2,4.1,15.8,,121,113,achiupr01
2,Bam Adebayo,C,26,MIA,50,50,1731,11.1,21.6,0.517,0,0.3,0.083,11.1,21.2,0.524,6.9,8.9,0.777,3.2,11.7,14.9,5.8,1.5,1.4,3.6,3.6,29.2,,114,110,adebaba01
3,Ochai Agbaji,SG,23,TOT,60,11,1147,5.4,12.8,0.418,2.3,7.1,0.32,3.1,5.7,0.54,0.9,1.2,0.75,1.8,4.3,6.2,2.3,1.3,1.4,1.8,3.3,13.9,,105,121,agbajoc01
3,Ochai Agbaji,SG,23,UTA,51,10,1003,5.1,11.9,0.426,2.2,6.8,0.331,2.8,5.1,0.551,0.7,1,0.75,1.7,4.4,6,2.2,1.3,1.4,1.6,3.2,13.1,,107,121,agbajoc01
3,Ochai Agbaji,SG,23,TOR,9,1,144,7.4,19.1,0.386,2.3,9.1,0.259,5,10.1,0.5,2,2.7,0.75,3,4,7,2.7,1,1.3,2.7,4.4,19.1,,96,120,agbajoc01
4,Santi Aldama,PF,23,MEM,49,23,1236,7.6,17.9,0.427,3.2,9.4,0.345,4.4,8.5,0.519,1.5,2.6,0.6,2.3,8.6,10.9,4.1,1.3,1.4,2.3,2.9,20.1,,105,114,aldamsa01
5,Nickeil Alexander-Walker,SG,25,MIN,61,16,1403,5.5,13,0.423,3.1,8.3,0.373,2.4,4.7,0.511,1.2,1.5,0.767,0.8,3.4,4.2,5.5,1.7,1.2,2,3.9,15.3,,112,111,alexani01
6,Grayson Allen,SG,28,PHO,55,55,1830,6.1,12.4,0.491,3.7,7.9,0.463,2.4,4.5,0.541,2.5,2.8,0.888,0.9,4.7,5.7,4.5,1.2,1,1.9,3.2,18.4,,129,118,allengr01
7,Jarrett Allen,C,25,CLE,55,55,1717,10.2,16.1,0.633,0,0.1,0,10.2,15.9,0.639,4.5,6.1,0.729,5.2,11.2,16.4,4.3,1.2,1.8,2.7,3.4,24.8,,130,109,allenja01
8,Jose Alvarado,PG,25,NOP,40,0,679,7.3,17.5,0.418,3.6,10.1,0.355,3.7,7.4,0.505,1.9,2.9,0.675,1.1,5.2,6.3,5.6,3.2,1,2.2,4.2,20.1,,111,111,alvarjo01
9,Kyle Anderson,PF,30,MIN,59,4,1291,5.4,11.5,0.472,0.3,1.3,0.2,5.2,10.2,0.508,2.8,4,0.712,1.7,6.2,7.9,9.1,1.8,1.2,2.8,3.4,13.9,,114,109,anderky01
10,Giannis Antetokounmpo,PF,29,MIL,59,59,2060,15.7,25.4,0.619,0.7,2.4,0.301,15,23,0.652,9.9,15,0.661,3.5,11.9,15.4,8.6,1.7,1.4,4.6,4,42,,127,112,antetgi01
11,Thanasis Antetokounmpo,PF,31,MIL,26,0,123,4.6,9.3,0.5,0,0.4,0,4.6,8.9,0.522,0,0.8,0,2.3,1.5,3.9,5,1.2,1.5,4.3,8.1,9.3,,89,118,antetth01
12,Cole Anthony,PG,23,ORL,60,0,1375,8.8,20.3,0.432,2.3,6.9,0.326,6.5,13.4,0.487,5.4,6.6,0.831,1.8,6.8,8.6,6.7,1.8,0.9,3.6,5.3,25.2,,110,112,anthoco01
13,OG Anunoby,SF,26,TOT,41,41,1400,8.3,16.7,0.498,3,7.9,0.379,5.3,8.8,0.606,2.3,2.9,0.774,1.4,4.6,6,3.2,1.9,1,2.2,3.4,21.9,,116,117,anunoog01
13,OG Anunoby,SF,26,TOR,27,27,900,8.4,17.2,0.489,3.3,8.8,0.374,5.2,8.5,0.608,1.8,2.5,0.717,1.3,4.4,5.7,3.9,1.5,0.7,2.3,3.3,21.9,,113,119,anunoog01
13,OG Anunoby,SF,26,NYK,14,14,500,8.1,15.7,0.516,2.5,6.4,0.391,5.6,9.3,0.602,3.2,3.8,0.842,1.5,5,6.5,2.1,2.5,1.5,1.9,3.4,21.9,,123,112,anunoog01
14,Ryan Arcidiacono,PG,29,NYK,20,0,45,0,6.7,0,0,6.7,0,0,0,,0,0,,0,8.9,8.9,4.4,2.2,0,2.2,5.6,0,,32,113,arcidry01
15,Deni Avdija,SF,23,WAS,57,57,1618,8.2,16.1,0.51,2,4.7,0.412,6.3,11.4,0.551,3.9,5.3,0.745,1.7,9.2,10.9,6.2,1.3,0.7,3.3,4.1,22.3,,114,119,avdijde01
16,Deandre Ayton,C,25,POR,40,40,1263,10.3,18.1,0.57,0,0,,10.3,18.1,0.57,1.6,2,0.824,4.7,11.8,16.5,2.7,1.6,1.2,2.7,3.5,22.3,,115,113,aytonde01
17,Udoka Azubuike,C,24,PHO,14,0,107,7.3,10,0.727,0,0,,7.3,10,0.727,1.4,5,0.273,5,9.5,14.5,1.4,0.5,2.7,1.8,7.7,15.9,,124,114,azubuud01
18,Ibou Badji,C,21,POR,18,1,203,2.9,4.6,0.632,0,0,,2.9,4.6,0.632,1.2,2.4,0.5,4.6,7,11.6,3.1,0.5,4.8,3.4,10.2,7,,104,114,badjiib01
19,Marvin Bagley III,C,24,TOT,43,21,909,10.6,18.3,0.581,0.3,0.9,0.294,10.4,17.5,0.595,4.5,6.1,0.744,6.1,7.6,13.7,2.6,0.8,1.5,2.6,4,26.1,,122,120,baglema01
19,Marvin Bagley III,C,24,DET,26,10,478,10.7,18.1,0.591,0.1,0.6,0.167,10.6,17.5,0.606,5,6.1,0.82,4.6,7.2,11.8,2.7,0.5,1.4,2.9,4,26.6,,122,121,baglema01
19,Marvin Bagley III,C,24,WAS,17,11,431,10.6,18.5,0.57,0.4,1.2,0.364,10.1,17.4,0.584,4,6,0.661,7.7,8,15.6,2.5,1.2,1.5,2.4,4,25.6,,122,120,baglema01
20,Amari Bailey,PG,19,CHO,3,0,15,6.5,22.9,0.286,0,9.8,0,6.5,13.1,0.5,3.3,6.5,0.5,6.5,0,6.5,3.3,0,0,3.3,0,16.3,,78,128,baileam01
21,Patrick Baldwin Jr.,SF,21,WAS,20,0,152,5.5,14.4,0.383,3.4,8.3,0.407,2.1,6.1,0.35,2.4,3.7,0.667,2.1,11,13.1,2.4,0.6,1.2,1.8,6.7,16.8,,104,119,baldwpa01
22,LaMelo Ball,PG,22,CHO,22,22,711,12.6,29.2,0.433,4.8,13.6,0.355,7.8,15.6,0.5,6.2,7.2,0.865,2,5.8,7.8,12.1,2.8,0.3,5.7,5.4,36.3,,110,118,ballla01
23,Mo Bamba,C,25,PHI,38,2,422,6.8,14.4,0.472,1.6,3.8,0.424,5.2,10.6,0.489,2.4,3.8,0.636,6.2,10.6,16.9,3.1,1.5,4.3,3.1,6.7,17.7,,112,109,bambamo01
24,Paolo Banchero,PF,21,ORL,59,59,2053,11.5,25,0.461,2.1,5.9,0.36,9.4,19,0.492,7.2,10.2,0.705,1.6,8.1,9.7,7.4,1.4,0.7,4.3,2.8,32.4,,110,112,banchpa01
25,Desmond Bane,SG,25,MEM,37,37,1277,12.6,26.6,0.474,4.7,12.2,0.384,7.9,14.4,0.551,4.6,5.3,0.864,1.3,5.2,6.5,7.5,1.5,0.8,3.8,4,34.5,,114,116,banede01
26,Dalano Banton,PG,24,TOT,32,1,306,7.9,18.8,0.419,1.4,5.9,0.243,6.4,12.8,0.5,5,6.9,0.721,3.4,6.6,9.9,5.1,1.6,1,3.4,5,22.1,,106,114,bantoda01
26,Dalano Banton,PG,24,BOS,24,1,171,5.4,14.6,0.373,0.6,4.6,0.125,4.9,10,0.486,4.6,5.7,0.8,3.4,6.6,10,5.4,1.4,0.9,2.9,5.7,16,,106,112,bantoda01
26,Dalano Banton,PG,24,POR,8,0,135,10.9,24,0.455,2.5,7.6,0.333,8.4,16.4,0.511,5.5,8.4,0.652,3.3,6.6,9.8,4.7,1.8,1.1,4,4,29.9,,106,116,bantoda01
27,Dominick Barlow,PF,20,SAS,24,1,307,6.2,12.9,0.476,0.5,1.1,0.429,5.7,11.9,0.481,3.4,5.2,0.647,5.1,7.9,12.9,4,1.4,1.8,0.8,5.1,16.2,,124,117,barlodo01
28,Harrison Barnes,PF,31,SAC,59,59,1745,6.9,14.2,0.484,3.1,7.8,0.401,3.8,6.4,0.586,3,3.7,0.805,1.3,3.5,4.8,1.8,1.2,0.2,1.1,2.1,19.8,,124,120,barneha02
29,Scottie Barnes,SG,22,TOR,60,60,2094,10.3,21.7,0.475,2.3,6.8,0.341,8,14.9,0.536,4.5,5.8,0.781,3.3,8.1,11.4,8.4,1.7,2,3.8,2.7,27.5,,115,115,barnesc01
30,RJ Barrett,SG,23,TOT,50,50,1568,11.2,23.1,0.486,2.6,7,0.366,8.7,16.1,0.539,5.4,7.6,0.714,1.3,6.9,8.3,4.9,0.8,0.5,3.1,3.3,30.5,,113,118,barrerj01
30,RJ Barrett,SG,23,NYK,26,26,766,10.7,25.3,0.423,2.8,8.5,0.331,7.9,16.8,0.469,6.7,8.1,0.831,1.2,6,7.2,4.1,0.8,0.6,3.1,2.9,30.9,,110,117,barrerj01
30,RJ Barrett,SG,23,TOR,24,24,802,11.8,21.1,0.557,2.4,5.7,0.415,9.4,15.4,0.609,4.2,7.1,0.59,1.4,7.8,9.2,5.7,0.9,0.5,3.1,3.7,30,,116,119,barrerj01
31,Charles Bassey,C,23,SAS,19,0,205,6.7,9.2,0.725,0,0.2,0,6.7,9,0.744,1.2,1.4,0.833,5.3,12.2,17.5,4.8,1.8,3.9,3.5,7.1,14.5,,126,111,bassech01
32,Emoni Bates,SF,20,CLE,10,0,76,3.9,16.2,0.24,3.2,12.9,0.25,0.6,3.2,0.2,0.6,1.3,0.5,0.6,5.8,6.5,3.9,0.6,1.3,0.6,3.2,11.6,,86,114,batesem01
33,Keita Bates-Diop,SF,28,TOT,46,8,638,5.3,12.2,0.438,1.6,5.2,0.309,3.7,7,0.533,2.3,3,0.75,2.3,5.6,7.9,2.7,1.8,1.7,1.1,2.6,14.5,,116,115,bateske01
33,Keita Bates-Diop,SF,28,PHO,39,8,597,5.2,12.2,0.427,1.6,5.2,0.313,3.6,7,0.512,2.1,2.9,0.722,2.4,5.8,8.2,2.8,1.8,1.6,1.1,2.7,14.1,,116,115,bateske01
33,Keita Bates-Diop,SF,28,BRK,7,0,41,7.2,12,0.6,1.2,4.8,0.25,6,7.2,0.833,4.8,4.8,1,0,3.6,3.6,2.4,1.2,2.4,2.4,1.2,20.4,,126,117,bateske01
34,Nicolas Batum,PF,35,TOT,40,29,960,4,8.1,0.491,2.5,5.9,0.431,1.4,2.2,0.651,0.6,0.8,0.688,2.4,5.4,7.8,4.3,1.4,1.4,1.2,4,11,,135,116,batumni01
34,Nicolas Batum,PF,35,LAC,3,0,54,2.7,7.3,0.375,1.8,6.4,0.286,0.9,0.9,1,0,0,,0,6.4,6.4,4.5,2.7,3.6,0.9,4.5,7.3,,113,110,batumni01
34,Nicolas Batum,PF,35,PHI,37,29,906,4,8.1,0.497,2.6,5.9,0.44,1.5,2.3,0.643,0.6,0.9,0.688,2.5,5.3,7.9,4.3,1.3,1.3,1.2,4,11.2,,136,117,batumni01
35,Darius Bazley,PF,23,PHI,3,0,10,0,4.9,0,0,0,,0,4.9,0,0,0,,0,4.9,4.9,9.8,0,0,4.9,0,0,,51,122,bazleda01
36,Bradley Beal,SG,30,PHO,32,32,1033,10.7,21.2,0.502,2.5,6.6,0.376,8.2,14.6,0.559,3.6,4.7,0.778,1.3,5,6.3,6.7,1.3,0.4,3.9,3.8,27.4,,113,118,bealbr01
37,Malik Beasley,SG,27,MIL,59,59,1741,6.7,14.2,0.469,4.8,10.6,0.447,1.9,3.6,0.534,0.5,0.7,0.63,1,5.3,6.2,2.3,1.3,0.2,1.1,3.3,18.6,,123,118,beaslma01
38,MarJon Beauchamp,SF,23,MIL,44,1,585,6,12.4,0.487,2.3,5.7,0.4,3.7,6.7,0.561,1.5,2.3,0.679,1.8,6,7.8,2.4,1,0.5,2.2,4.2,15.9,,111,118,beaucma01
39,Jules Bernard,SG,24,WAS,8,0,36,5.2,16.8,0.308,2.6,11.6,0.222,2.6,5.2,0.5,1.3,2.6,0.5,3.9,3.9,7.7,6.5,1.3,1.3,2.6,5.2,14.2,,94,122,bernaju01
40,Dāvis Bertāns,PF,31,TOT,23,0,209,7.9,18.1,0.436,7.4,16.7,0.444,0.5,1.4,0.333,3.7,4.2,0.889,0.5,3.5,4,3,1.4,1.2,0.5,4.9,27,,136,119,bertada01
40,Dāvis Bertāns,PF,31,OKC,15,0,91,5.3,13.7,0.385,5.3,12.7,0.417,0,1.1,0,7.4,7.9,0.933,1.1,4.2,5.3,4.7,1.6,1.6,0.5,5.3,23.2,,146,114,bertada01
40,Dāvis Bertāns,PF,31,CHO,8,0,118,10,21.6,0.462,9.1,19.9,0.458,0.8,1.7,0.5,0.8,1.2,0.667,0,2.9,2.9,1.7,1.2,0.8,0.4,4.6,29.9,,128,123,bertada01
41,Patrick Beverley,PG,35,TOT,56,5,1069,5.6,13.1,0.426,2,6,0.331,3.6,7.1,0.506,2.5,3.1,0.812,1.8,6,7.8,7.6,1.3,1,2.5,4.4,15.7,,115,117,beverpa01
41,Patrick Beverley,PG,35,PHI,47,5,919,5.5,12.8,0.432,1.9,5.8,0.321,3.7,7,0.523,2.7,3.3,0.81,1.6,6.1,7.7,7.6,1.3,1,2.6,4.4,15.6,,115,117,beverpa01
41,Patrick Beverley,PG,35,MIL,9,0,150,6,15.2,0.396,2.9,7.6,0.375,3.2,7.6,0.417,1.6,1.9,0.833,2.9,5.4,8.3,7.3,1.6,1,1.9,4.1,16.5,,117,116,beverpa01
42,Saddiq Bey,SF,24,ATL,59,47,1921,6.7,15.9,0.422,2.6,8.2,0.321,4.1,7.8,0.527,3.9,4.6,0.843,3.8,5.6,9.4,2.1,1.2,0.2,1.2,2.1,19.9,,122,123,beysa01
43,Goga Bitadze,C,24,ORL,50,32,874,6.5,10.7,0.605,0.1,0.7,0.167,6.4,10,0.635,2.8,4.3,0.649,5.7,9.1,14.8,4.1,1.6,3.9,2,5.7,15.9,,131,107,bitadgo01
44,Onuralp Bitim,SG,24,CHI,4,0,49,5.1,13.2,0.385,4.1,8.1,0.5,1,5.1,0.2,2,2,1,0,10.2,10.2,1,0,0,2,3.1,16.3,,104,119,bitimon01
45,Bismack Biyombo,C,31,TOT,33,27,735,4.5,8.1,0.557,0,0,,4.5,8.1,0.557,1.5,3,0.478,3.9,9,12.9,3.4,0.7,2.3,2.6,5.5,10.5,,108,113,biyombi01
45,Bismack Biyombo,C,31,MEM,30,27,718,4.5,8.1,0.563,0,0,,4.5,8.1,0.563,1.5,3.1,0.478,3.9,9.1,13,3.5,0.7,2.3,2.6,5.6,10.6,,109,113,biyombi01
45,Bismack Biyombo,C,31,OKC,3,0,17,2.8,8.5,0.333,0,0,,2.8,8.5,0.333,0,0,,5.6,5.6,11.3,2.8,0,2.8,2.8,2.8,5.6,,91,116,biyombi01
46,Anthony Black,PG,20,ORL,55,31,1005,4.8,10.2,0.469,1.4,3.7,0.382,3.4,6.5,0.519,2.3,3.5,0.662,1.4,4.7,6.1,4.1,1.5,0.9,2.4,4.9,13.3,,109,114,blackan01
47,Leaky Black,SF,24,CHO,22,3,218,3.8,8.8,0.436,1.6,3.4,0.467,2.2,5.4,0.417,2,3.1,0.643,1.8,6.7,8.5,4,1.1,1.3,1.1,3.4,11.2,,120,120,blackle01
48,Bogdan Bogdanović,SG,31,ATL,58,12,1699,9.6,22.6,0.426,5,13.4,0.371,4.7,9.2,0.506,2.8,3.1,0.919,1,4.4,5.4,4.5,2,0.4,2,3.8,27.1,,116,121,bogdabo01
49,Bojan Bogdanović,PF-SF,34,TOT,36,27,1119,10.3,22.2,0.462,4.5,11,0.406,5.8,11.2,0.517,4.2,5.4,0.784,0.7,4.4,5.1,3.5,1.2,0.2,3.2,3.2,29.2,,111,122,bogdabo02
49,Bojan Bogdanović,PF,34,DET,28,27,921,10.4,22.1,0.468,4.5,10.8,0.415,5.9,11.3,0.518,4.2,5.4,0.779,0.7,4.2,4.9,3.7,1.2,0.2,3.3,3,29.4,,111,123,bogdabo02
49,Bojan Bogdanović,SF,34,NYK,8,0,198,9.8,22.7,0.433,4.5,12.4,0.367,5.3,10.4,0.512,4.3,5.3,0.81,0.8,5.6,6.3,2.8,1.3,0.3,2.8,4.5,28.5,,112,116,bogdabo02
50,Bol Bol,PF,24,PHO,23,0,252,10.2,16.9,0.602,1.5,5.2,0.296,8.7,11.7,0.738,1.3,1.9,0.7,4.2,10.4,14.6,1.9,1,2.9,2.1,5.4,23.3,,125,112,bolbo01
51,Marques Bolden,C,25,TOT,4,0,16,0,3,0,0,0,,0,3,0,0,0,,0,9.1,9.1,0,0,0,3,6.1,0,,0,122,boldema01
51,Marques Bolden,C,25,MIL,2,0,3,0,0,,0,0,,0,0,,0,0,,0,31.7,31.7,0,0,0,0,15.9,0,,,105,boldema01
51,Marques Bolden,C,25,CHO,2,0,13,0,3.8,0,0,0,,0,3.8,0,0,0,,0,3.8,3.8,0,0,0,3.8,3.8,0,,0,126,boldema01
52,Devin Booker,PG,27,PHO,50,50,1788,13,26.4,0.494,3,7.9,0.379,10,18.5,0.543,8.3,9.5,0.88,0.9,5.3,6.2,9.3,1.3,0.5,3.5,4.1,37.4,,124,118,bookede01
53,Brandon Boston Jr.,SF,22,LAC,19,0,129,10.3,24.3,0.422,2.3,7.6,0.3,8,16.7,0.477,4.6,5.3,0.857,2.7,3,5.7,1.9,0.8,0.8,2.7,6.5,27.4,,103,119,bostobr01
54,Chris Boucher,PF,31,TOR,48,0,650,7.5,15.3,0.49,2.2,6.8,0.319,5.4,8.6,0.626,4.8,6.3,0.753,4.2,10,14.1,1.4,1,1.6,1.7,4.8,21.9,,122,116,bouchch01
55,James Bouknight,SG,23,CHO,14,0,81,10.9,24.8,0.439,7.9,18.2,0.433,3,6.7,0.455,0.6,1.2,0.5,0.6,4.8,5.4,3.6,0.6,0.6,1.2,1.8,30.3,,116,123,bouknja01
56,Jamaree Bouyea,PG,24,POR,6,0,57,4.3,18.1,0.238,0,6.9,0,4.3,11.2,0.385,0,0,,1.7,6.9,8.6,6.9,0,0,6.9,2.6,8.6,,55,121,bouyeja01
57,Malaki Branham,PG,20,SAS,56,22,1146,7.8,18.2,0.432,2.4,7.3,0.326,5.4,10.8,0.504,1.5,1.6,0.947,0.8,3.8,4.7,5.1,0.9,0.2,2.6,2.8,19.6,,101,122,branhma01
58,Christian Braun,SG,22,DEN,61,1,1173,6.4,14.7,0.434,1.6,4.8,0.345,4.7,9.9,0.477,3.1,4.4,0.709,2.2,6.9,9.1,3.6,1.2,1.1,1.7,4,17.5,,111,115,braunch01
59,Mikal Bridges,SF,27,BRK,60,60,2104,10.6,23.6,0.447,3.6,10,0.357,7,13.7,0.513,5.1,6.2,0.823,1.2,5.6,6.8,5.1,1.4,0.6,3,2.1,29.8,,112,118,bridgmi01
60,Miles Bridges,SF,25,CHO,50,48,1869,10.7,23.2,0.462,3.2,8.6,0.372,7.5,14.6,0.515,3.4,4,0.848,1.3,8.5,9.8,4.3,1.4,0.7,2.6,2.4,28,,109,119,bridgmi02
61,Oshae Brissett,SF,25,BOS,40,0,427,5.7,12.6,0.455,1.4,4.9,0.279,4.4,7.7,0.567,4.1,6.3,0.655,4.2,8.4,12.6,3.6,1.8,0.5,1.5,4.5,17,,124,111,brissos01
62,Malcolm Brogdon,PG,31,POR,39,25,1121,9.6,21.8,0.44,3.6,8.7,0.412,6,13,0.458,4.2,5.1,0.819,1.2,5.3,6.5,9.4,1.2,0.4,2.6,2.5,26.9,,119,119,brogdma01
63,Armoni Brooks,PG,25,BRK,10,0,104,7.1,21.7,0.326,5.2,15.1,0.344,1.9,6.6,0.286,0.5,0.9,0.5,3.3,5.2,8.5,2.4,0.5,0.5,1.4,1.4,19.9,,98,121,brookar01
64,Dillon Brooks,SF,28,HOU,51,51,1596,7.4,17,0.437,3,7.8,0.386,4.4,9.1,0.48,2.9,3.5,0.835,1.3,4.3,5.6,2.5,1.4,0.2,2,5.4,20.8,,110,115,brookdi01
65,Bruce Brown,SG-PG,27,TOT,52,38,1463,6.9,14.8,0.463,1.4,4.5,0.304,5.5,10.4,0.531,3.1,3.6,0.864,1.4,6.1,7.5,4.6,1.6,0.5,1.9,3.8,18.2,,114,120,brownbr01
65,Bruce Brown,SG,27,IND,33,33,981,7.1,15,0.475,1.6,4.8,0.327,5.5,10.2,0.545,3.2,3.9,0.817,1.2,6.2,7.4,4.8,1.7,0.4,2,3.9,19,,116,120,brownbr01
65,Bruce Brown,PG,27,TOR,19,5,482,6.3,14.4,0.438,0.9,3.7,0.243,5.4,10.7,0.505,2.8,2.8,1,1.8,5.9,7.7,4.2,1.3,0.8,1.8,3.7,16.3,,110,119,brownbr01
66,Charlie Brown Jr.,SG,26,NYK,7,0,36,2.8,13.9,0.2,2.8,9.7,0.286,0,4.2,0,0,0,,1.4,1.4,2.8,0,0,2.8,2.8,6.9,8.3,,60,118,brownch02
67,Greg Brown III,PF,22,DAL,6,0,40,6,13.2,0.455,1.2,3.6,0.333,4.8,9.6,0.5,4.8,10.8,0.444,3.6,7.2,10.8,4.8,0,4.8,4.8,6,17.9,,96,116,browngr01
68,Jaylen Brown,SF,27,BOS,55,55,1826,12.9,25.6,0.502,3,8.5,0.352,9.9,17.1,0.576,4.5,6.2,0.719,1.6,6.5,8.1,5.5,1.6,0.8,3.5,3.9,33.1,,114,112,brownja02
69,Kendall Brown,SG,20,IND,7,0,28,5,10.1,0.5,0,1.7,0,5,8.4,0.6,6.7,10.1,0.667,3.4,0,3.4,3.4,0,0,0,6.7,16.8,,139,128,brownke03
70,Kobe Brown,PF,24,LAC,33,0,285,4.1,10.8,0.381,2.1,6.7,0.308,2.1,4.1,0.5,0.2,0.3,0.5,1.7,6,7.7,2.9,1,0.5,1.2,7.1,10.5,,105,117,brownko01
71,Moses Brown,C,24,POR,11,4,95,6.2,12.4,0.5,0,0,,6.2,12.4,0.5,0.5,3.6,0.143,9.3,15,24.3,1,1,1.6,2.6,6.2,12.9,,103,112,brownmo01
72,Troy Brown Jr.,SF,24,TOT,43,3,493,6.1,14.2,0.427,3.6,9.8,0.364,2.5,4.4,0.568,2.1,2.4,0.875,1.6,7.2,8.8,4.1,0.9,0.2,2.1,3.1,17.8,,115,113,browntr01
72,Troy Brown Jr.,SF,24,MIN,37,3,410,6.2,14.2,0.441,3.7,10.1,0.369,2.5,4.1,0.618,2.3,2.6,0.864,1.7,7,8.7,4.2,1,0.2,2.2,3.1,18.5,,118,111,browntr01
72,Troy Brown Jr.,SF,24,DET,6,0,83,5.2,14.4,0.36,2.9,8.7,0.333,2.3,5.8,0.4,1.2,1.2,1,1.2,8.1,9.2,3.5,0.6,0,1.7,2.9,14.4,,101,122,browntr01
73,Jalen Brunson,PG,27,NYK,57,57,2019,13.6,28.6,0.477,3.7,9.1,0.407,9.9,19.4,0.51,7.5,8.8,0.846,0.8,4.4,5.2,9.3,1.3,0.3,3.5,2.8,38.4,,123,117,brunsja01
74,Thomas Bryant,C,26,MIA,25,3,259,8.4,14.7,0.571,0,0.8,0,8.4,14,0.603,3.4,4.2,0.818,4.8,10,14.7,2.9,1.1,1,2.9,5,20.3,,118,112,bryanth01
75,Kobe Bufkin,SG,20,ATL,9,0,89,6.9,19.7,0.351,2.7,9.1,0.294,4.3,10.7,0.4,1.1,2.1,0.5,1.1,6.4,7.5,8,1.6,0.5,2.7,3.2,17.6,,98,121,bufkiko01
76,Reggie Bullock,SF,32,HOU,25,0,222,4.6,11.3,0.404,3.5,8.9,0.39,1.1,2.4,0.455,0.2,0.2,1,0.7,7,7.6,2.2,0.9,0.4,1.3,3.3,12.9,,109,115,bullore01
77,Alec Burks,SG,32,TOT,52,1,1055,8.5,22.3,0.381,5.1,13.1,0.39,3.4,9.2,0.368,6,6.9,0.88,0.9,4.8,5.8,3.5,1,0.5,1.9,3.2,28.1,,114,122,burksal01
77,Alec Burks,SG,32,DET,43,0,901,8.5,21.6,0.394,5.3,13.1,0.401,3.2,8.5,0.384,6.4,7.1,0.903,0.9,5,5.8,3.6,1.1,0.6,1.7,3.4,28.7,,119,122,burksal01
77,Alec Burks,SG,32,NYK,9,1,154,8.4,26.6,0.317,4.2,13,0.325,4.2,13.6,0.31,3.6,5.2,0.688,1.3,3.9,5.2,2.6,0.3,0.3,2.9,2.3,24.7,,90,120,burksal01
78,Jared Butler,SG,23,WAS,22,0,178,9.1,16.7,0.547,2.6,7.3,0.357,6.5,9.4,0.694,3.7,4.4,0.824,0.5,3.4,3.9,11.2,2.3,0.5,3.9,5,24.5,,123,121,butleja02
79,Jimmy Butler,PF,34,MIA,41,41,1390,10,19.8,0.505,1.5,3.4,0.457,8.5,16.5,0.515,10.3,12.1,0.855,2.9,5.1,8,7,2.1,0.5,2.5,1.6,31.9,,131,114,butleji01
80,Jamal Cain,PF,24,MIA,16,1,225,6.4,15.2,0.42,1.8,5.7,0.308,4.6,9.5,0.488,4,5.1,0.783,2.9,4.2,7.1,0.9,2.2,0.9,1.1,3.7,18.5,,111,113,cainja01
81,Kentavious Caldwell-Pope,SG,30,DEN,55,55,1743,5.5,12.3,0.442,2.4,6.1,0.388,3.1,6.3,0.495,2.6,2.8,0.919,0.7,3,3.7,3.7,2,0.7,1.5,3,15.9,,118,116,caldwke01
82,Toumani Camara,PF,23,POR,58,38,1385,5.5,12.7,0.434,1.6,5,0.321,3.9,7.7,0.507,2.1,2.9,0.723,4,6.1,10.1,2.2,2,0.9,2.4,5.1,14.7,,106,116,camarto01
83,Clint Capela,C,29,ATL,52,52,1315,8.7,15.4,0.564,0,0,,8.7,15.4,0.564,3.4,5.1,0.655,8.8,10.6,19.4,1.8,1,2.9,1.7,4.5,20.7,,129,116,capelca01
84,Jevon Carter,PG,28,CHI,57,0,771,7,18.8,0.371,4,12.1,0.332,3,6.7,0.442,0.2,0.3,0.6,0.5,2.5,2.9,4.3,2,0.8,1.9,3.7,18.2,,98,117,carteje01
85,Wendell Carter Jr.,C,24,ORL,35,29,914,8,14.6,0.544,2.2,5.3,0.418,5.8,9.4,0.615,3.8,5.2,0.722,3.4,9,12.4,3,0.9,1,2.2,4.4,21.9,,126,113,cartewe01
86,D.J. Carton,SG,23,TOR,3,0,23,6.3,12.6,0.5,2.1,6.3,0.333,4.2,6.3,0.667,6.3,6.3,1,2.1,2.1,4.2,6.3,0,0,2.1,6.3,21,,137,125,cartodj01
87,Alex Caruso,SG,29,CHI,51,38,1386,6.3,13.4,0.473,3.2,8.1,0.389,3.2,5.3,0.603,2.1,2.7,0.787,1.7,5.1,6.9,5.1,2.7,2,2.6,4.7,18,,118,113,carusal01
88,Colin Castleton,C,23,LAL,7,0,36,9.3,13.2,0.7,0,0,,9.3,13.2,0.7,5.3,5.3,1,5.3,6.6,11.9,4,0,0,1.3,9.3,23.8,,155,121,castlco01
89,Malcolm Cazalon,SG,22,DET,1,0,3,0,0,,0,0,,0,0,,0,0,,0,0,0,0,0,0,0,0,0,,,128,cazalma01
90,Julian Champagnie,SF,22,SAS,53,38,893,5.3,13.4,0.398,3.4,9.6,0.359,1.9,3.9,0.493,2.2,2.8,0.808,1.7,5.6,7.3,3.4,1.7,1.5,1.7,3,16.4,,111,118,champju02
91,Justin Champagnie,SF,22,WAS,3,0,16,14.5,29,0.5,2.9,14.5,0.2,11.6,14.5,0.8,0,0,,0,2.9,2.9,2.9,2.9,2.9,2.9,0,32,,96,118,champju01
92,Max Christie,SG,20,LAL,48,7,796,5,11.8,0.426,2,5.8,0.351,3,6,0.5,2,2.5,0.786,0.7,6.3,7.1,3.1,1,1,1.9,3.2,14.1,,104,118,chrisma02
93,Sidy Cissoko,SF,19,SAS,6,0,32,1.5,8.9,0.167,0,5.9,0,1.5,3,0.5,5.9,5.9,1,0,8.9,8.9,0,4.4,0,1.5,3,8.9,,77,112,cissosi01
94,Jordan Clarkson,SG,31,UTA,50,19,1517,9.5,23.1,0.41,2.6,8.9,0.295,6.8,14.2,0.481,5.1,5.8,0.88,1.5,3.9,5.4,8,0.9,0.2,4.2,2.3,26.6,,107,123,clarkjo01
95,Nic Claxton,C,24,BRK,50,50,1467,8.7,14,0.621,0,0.1,0.25,8.7,13.9,0.624,2.3,4.2,0.565,4.6,12,16.6,3.3,1.1,3.6,2,4.2,19.8,,125,111,claxtni01
96,Noah Clowney,PF,19,BRK,7,0,69,7.8,12.8,0.611,0.7,2.9,0.25,7.1,10,0.714,4.3,4.3,1,4.3,5,9.3,4.3,0,0.7,2.1,3.6,20.7,,138,121,clownno01
97,Amir Coffey,SF,26,LAC,47,9,881,5.7,10.9,0.528,2.2,5.2,0.426,3.5,5.6,0.624,2.4,2.7,0.878,1,3.6,4.6,2.4,1.5,0.4,1.1,3.5,16.1,,132,118,coffeam01
98,John Collins,PF,26,UTA,57,55,1596,9.7,18.5,0.523,2,5.9,0.342,7.7,12.6,0.607,3.2,4.1,0.785,4,10.5,14.4,2.1,1,1.4,2.5,4.8,24.6,,119,118,collijo01
99,Zach Collins,C,26,SAS,49,24,1139,8.9,18.6,0.481,1.7,5.9,0.294,7.2,12.6,0.569,3.5,4.7,0.743,3.5,7.3,10.7,6.2,1,1.4,4.1,6.3,23.1,,107,119,colliza01
100,Mike Conley,PG,36,MIN,56,56,1615,6,13.5,0.445,3.8,8.7,0.441,2.2,4.8,0.452,2,2.2,0.904,0.7,4.3,5,10.6,1.7,0.4,2,2.8,17.9,,131,111,conlemi01
101,Pat Connaughton,SF,31,MIL,55,2,1183,4.3,9.4,0.453,2.5,6.6,0.372,1.8,2.8,0.643,0.9,1.3,0.719,1.4,5.8,7.2,4.3,1.3,0.6,1.4,2.8,11.9,,122,117,connapa01
102,Bilal Coulibaly,SF,19,WAS,56,8,1494,5.1,11.6,0.442,1.7,4.8,0.357,3.4,6.8,0.502,2.3,3.4,0.682,1.5,5.4,7,3,1.5,1.3,2.5,3.7,14.3,,102,121,coulibi01
103,Ricky Council IV,SG,22,PHI,19,0,180,10,20.6,0.487,1.1,4.6,0.235,8.9,16,0.559,11.1,14.6,0.759,3.3,7,10.3,1.9,0.5,0,0.8,2.2,32.2,,129,119,councri01
104,Robert Covington,SF-PF,33,TOT,29,6,488,4.3,9.8,0.439,1.9,5.6,0.339,2.4,4.2,0.571,2.2,2.6,0.846,3.1,6.6,9.7,2.4,3.9,1.8,1.1,5.6,12.7,,126,109,covinro01
104,Robert Covington,PF,33,LAC,3,3,69,2.1,6.4,0.333,1.4,5.7,0.25,0.7,0.7,1,0.7,1.4,0.5,1.4,4.3,5.7,5,4.3,1.4,0,5,6.4,,131,110,covinro01
104,Robert Covington,SF,33,PHI,26,3,419,4.7,10.4,0.449,2,5.6,0.354,2.7,4.8,0.561,2.4,2.8,0.875,3.4,7,10.4,2,3.8,1.9,1.3,5.7,13.7,,125,109,covinro01
105,Torrey Craig,SF,33,CHI,33,8,694,5.1,12,0.425,2.7,7.1,0.374,2.4,4.9,0.5,1.5,1.9,0.778,4,7.3,11.2,2.6,1.4,1.1,1.4,5.4,14.4,,120,115,craigto01
106,Jae Crowder,PF,33,MIL,30,14,747,4.5,10.3,0.432,2.4,6.7,0.352,2.1,3.6,0.579,1,1.5,0.667,0.9,6.1,6.9,2.9,1.7,0.4,1,3.4,12.3,,115,116,crowdja01
107,Jalen Crutcher,PG,24,NOP,1,0,3,0,16.2,0,0,0,,0,16.2,0,0,0,,0,0,0,0,0,0,0,0,0,,0,123,crutcja01
108,Cade Cunningham,PG,22,DET,50,50,1689,11.7,25.9,0.453,2.7,7.5,0.356,9.1,18.4,0.493,5.3,6.2,0.858,0.6,5.2,5.8,10.5,1.3,0.5,4.9,3.8,31.5,,108,121,cunnica01
109,Seth Curry,SG,33,TOT,44,4,616,6.3,15.9,0.392,3,8.4,0.352,3.3,7.5,0.438,2.2,2.4,0.903,1.4,3.9,5.3,3.4,1.7,0.5,1.6,3,17.7,,108,120,curryse01
109,Seth Curry,SG,33,DAL,36,3,457,5.7,15.2,0.372,3,8.4,0.363,2.6,6.8,0.385,1.8,2,0.895,1.6,3.9,5.4,3.1,1.8,0.3,1.7,3.3,16.1,,105,119,curryse01
109,Seth Curry,SG,33,CHO,8,1,159,8,18.2,0.441,2.8,8.6,0.321,5.2,9.6,0.548,3.4,3.7,0.917,0.9,4,4.9,4.3,1.5,0.9,1.5,2.2,22.2,,114,121,curryse01
110,Stephen Curry,PG,35,GSW,57,57,1877,13,28.9,0.45,7.2,17.7,0.407,5.8,11.2,0.519,6.4,6.9,0.922,0.7,5.6,6.3,7.3,1.2,0.5,4.4,2.5,39.6,,119,118,curryst01
111,Dyson Daniels,PG,20,NOP,52,15,1139,4.8,10.9,0.438,1.4,4.7,0.291,3.4,6.2,0.548,1.4,2.1,0.64,2.2,6,8.2,5.8,3.1,0.9,2.2,3.6,12.3,,111,111,daniedy01
112,Anthony Davis,C,30,LAL,58,58,2078,12.7,22.7,0.558,0.4,1.6,0.264,12.3,21.1,0.582,7.4,9.1,0.813,4,12.3,16.3,4.8,1.5,3.3,2.7,3.2,33.2,,124,110,davisan02
113,Johnny Davis,SG,21,WAS,29,0,283,4.6,13.3,0.346,0.3,2.1,0.154,4.3,11.2,0.382,0.7,1.5,0.444,2,4.3,6.2,1.8,1.6,0.3,1.1,4.1,10.2,,82,122,davisjo06
114,JD Davison,SG,21,BOS,2,0,6,0,8.2,0,0,8.2,0,0,0,,16.3,16.3,1,8.2,8.2,16.3,0,0,0,0,0,16.3,,146,116,davisjd01
115,Dexter Dennis,SG,24,DAL,4,0,30,15.9,30.3,0.526,1.6,12.8,0.125,14.3,17.5,0.818,1.6,4.8,0.333,1.6,12.8,14.3,6.4,0,1.6,4.8,1.6,35.1,,100,116,dennide01
116,DeMar DeRozan,SF,34,CHI,58,58,2193,10.2,21.9,0.466,1.2,3.7,0.335,9,18.3,0.493,8.3,9.6,0.858,0.8,4.7,5.5,7,1.4,0.8,1.9,2.9,29.9,,122,117,derozde01
117,Moussa Diabaté,C,22,LAC,11,0,64,7.7,14.6,0.526,0,0,,7.7,14.6,0.526,6.9,10.7,0.643,11.5,6.9,18.4,3.1,3.8,0.8,1.5,3.1,22.2,,137,110,diabamo01
118,Mamadi Diakite,PF,27,SAS,3,0,16,11.8,14.8,0.8,0,0,,11.8,14.8,0.8,11.8,17.7,0.667,3,5.9,8.9,5.9,0,3,0,3,35.5,,168,120,diakima01
119,Hamidou Diallo,SG,25,WAS,2,0,5,9.3,18.6,0.5,0,0,,9.3,18.6,0.5,0,0,,18.6,0,18.6,9.3,18.6,0,9.3,9.3,18.6,,106,87,diallha01
120,Gradey Dick,SG,20,TOR,40,1,650,7,15.7,0.445,3.6,9.2,0.387,3.4,6.5,0.529,1.7,1.9,0.92,1.3,4.3,5.7,3.3,1.6,0,1.7,4,19.3,,115,120,dickgr01
121,Ousmane Dieng,PF,20,OKC,29,0,326,6.3,14.9,0.426,2.9,9.4,0.313,3.4,5.5,0.622,2.1,2.4,0.875,1.5,5.7,7.2,4.6,0.7,0.4,2.4,2.8,17.7,,110,117,diengou01
122,Spencer Dinwiddie,PG,30,TOT,56,48,1664,6.2,16,0.389,2.9,9,0.318,3.4,7,0.479,3.8,4.9,0.782,0.8,4,4.8,9.3,1.2,0.3,2.1,2.9,19.1,,117,120,dinwisp01
122,Spencer Dinwiddie,PG,30,BRK,48,48,1474,6.5,16.6,0.391,3,9.3,0.32,3.5,7.4,0.48,4.2,5.3,0.781,0.9,4.4,5.3,9.6,1.3,0.3,2.1,2.9,20.1,,118,119,dinwisp01
122,Spencer Dinwiddie,PG,30,LAL,8,0,190,4,11,0.364,2,6.8,0.296,2,4.3,0.471,1,1.3,0.8,0.3,1.3,1.5,7.3,1,0.3,2.3,3.5,11,,101,122,dinwisp01
123,Donte DiVincenzo,SG,27,NYK,60,42,1558,9.8,21.6,0.451,6.2,15,0.41,3.6,6.6,0.544,1.7,2.4,0.716,1.6,5,6.5,4.7,2.3,0.7,2.4,3.8,27.4,,121,114,divindo01
124,Luka Dončić,PG,24,DAL,53,53,1985,15,30.2,0.496,4.9,13,0.38,10,17.2,0.584,9.2,11.7,0.784,1,10.4,11.4,12.4,1.9,0.7,5,2.7,44.1,,124,114,doncilu01
125,Luguentz Dort,SF,24,OKC,58,58,1652,6.1,14,0.438,3.3,8.3,0.396,2.8,5.7,0.497,2.5,3.1,0.819,1.8,4.6,6.4,2.2,1.5,1.2,1.5,5.1,18.1,,117,115,dortlu01
126,Ayo Dosunmu,SG,24,CHI,58,19,1553,7.7,15.5,0.495,2.7,6.6,0.406,5,8.9,0.562,1.7,2.2,0.783,1.3,3.8,5.1,4.9,1.6,0.8,2.2,3.8,19.8,,117,118,dosunay01
127,Andre Drummond,C,30,CHI,60,10,1039,10,18.1,0.554,0,0.1,0,10,17.9,0.559,4.3,7.5,0.577,10,15.8,25.8,1.4,2.9,2,3.2,5.1,24.4,,117,106,drumman01
128,Chris Duarte,SF,26,SAC,42,11,557,4.9,13.1,0.375,2.6,7.5,0.345,2.3,5.6,0.415,1.8,2.3,0.778,1.6,5.2,6.7,3,2,0.4,1.7,5.6,14.3,,104,117,duartch01
129,Kris Dunn,PG,29,UTA,53,27,957,5.9,12.3,0.478,1.7,4.4,0.391,4.2,7.9,0.525,0.9,1.3,0.68,1.9,5.5,7.4,10.5,2.8,1.1,3.4,5.1,14.3,,117,117,dunnkr01
130,Kevin Durant,PF,35,PHO,54,54,2007,13.1,24.9,0.528,2.8,6.7,0.421,10.3,18.2,0.567,7.2,8.4,0.856,0.7,8,8.7,7.2,1.2,1.7,4.3,2.4,36.3,,120,115,duranke01
131,Jalen Duren,C,20,DET,45,44,1353,9.5,15.3,0.622,0,0.1,0,9.5,15.2,0.626,3.2,4.2,0.763,5.2,13.6,18.8,4.1,0.7,1.4,3.2,5.3,22.2,,123,117,durenja01
132,Tari Eason,PF,22,HOU,22,0,480,8.9,19,0.466,1.8,5,0.36,7.1,14,0.504,2.1,3.3,0.636,4.6,10.8,15.4,2.7,3.1,1.9,2,5.1,21.7,,111,106,easonta01
133,Anthony Edwards,SG,22,MIN,58,58,2022,12.9,27.7,0.466,3.6,9.5,0.379,9.3,18.2,0.511,7.8,9.3,0.845,0.8,6.6,7.4,7.2,1.8,0.7,4.5,2.6,37.2,,113,109,edwaran01
134,Kessler Edwards,SF,23,SAC,39,0,189,5.3,13.5,0.396,3.1,8.4,0.364,2.3,5.1,0.45,1,1.5,0.667,1.3,6.4,7.6,2.3,1,1,0.3,4.6,14.8,,115,118,edwarke02
135,Keon Ellis,SG,24,SAC,35,4,405,4.6,11.2,0.415,3.2,8.9,0.36,1.4,2.3,0.632,1.3,2,0.647,1.5,3.8,5.3,5.5,2.1,1.7,2.1,6.1,13.8,,116,116,elliske01
136,Joel Embiid,C,29,PHI,34,34,1157,16.9,31.8,0.533,1.7,4.7,0.366,15.2,27.1,0.562,15,17,0.883,3.8,12.4,16.2,8.1,1.6,2.5,5.3,4.1,50.6,,126,110,embiijo01
137,Drew Eubanks,C,26,PHO,55,4,867,6.7,10.9,0.619,0.2,0.2,1,6.5,10.7,0.613,3.2,4.3,0.75,3.9,9,12.9,2.8,1.2,2.6,2.9,4.8,16.8,,121,113,eubandr01
138,Tosan Evbuomwan,SF,22,TOT,6,0,90,3.8,9.7,0.389,1.6,4.9,0.333,2.2,4.9,0.444,0,0,,4.3,4.3,8.6,3.2,0.5,0.5,0.5,3.2,9.2,,115,120,evbuoto01
138,Tosan Evbuomwan,SF,22,MEM,4,0,74,2.6,9.9,0.267,1.3,5.3,0.25,1.3,4.6,0.286,0,0,,5.3,4,9.2,4,0,0.7,0.7,3.3,6.6,,104,120,evbuoto01
138,Tosan Evbuomwan,SF,22,DET,2,0,16,9,9,1,3,3,1,6,6,1,0,0,,0,6,6,0,3,0,0,3,21,,233,118,evbuoto01
139,Dante Exum,PG,28,DAL,35,14,671,8.4,15,0.562,2.3,4.8,0.478,6.1,10.2,0.601,2.6,3.6,0.72,1.3,5.4,6.7,6.9,1.3,0.4,2,3.8,21.7,,131,119,exumda01
140,Bruno Fernando,C,25,ATL,23,1,246,8.3,14.7,0.566,0,0.6,0,8.3,14.1,0.589,4.8,7.7,0.625,5,8.7,13.7,2.7,1.5,2.5,2.1,6.9,21.4,,123,117,fernabr01
141,Dorian Finney-Smith,PF,30,BRK,51,40,1418,5.7,13.5,0.419,3.3,8.9,0.368,2.4,4.5,0.519,0.7,1,0.679,2.9,5.4,8.3,2.6,1.3,1,1.5,4.1,15.3,,113,118,finnedo01
142,Adam Flagler,SG,24,OKC,1,0,6,0,24,0,0,24,0,0,0,,0,0,,0,0,0,8,0,0,0,0,0,,24,123,flaglad01
143,Malachi Flynn,PG,25,TOT,52,0,601,6.1,15.5,0.396,2.9,8.5,0.34,3.2,6.9,0.465,2.3,3,0.757,1,5.4,6.4,7.1,1.8,0.5,3.3,4,17.4,,104,118,flynnma01
143,Malachi Flynn,PG,25,TOR,31,0,474,5.7,14,0.409,2.9,8.2,0.35,2.9,5.8,0.491,1.7,2.2,0.773,1.3,5.3,6.6,7.4,1.8,0.6,3.4,4.3,16,,106,118,flynnma01
143,Malachi Flynn,PG,25,NYK,14,0,60,7.5,19.2,0.391,3.3,10.8,0.308,4.2,8.3,0.5,7.5,9.2,0.818,0,5,5,5,0.8,0,2.5,2.5,25.8,,116,118,flynnma01
143,Malachi Flynn,PG,25,DET,7,0,67,7.9,22.9,0.344,2.9,9.3,0.308,5,13.6,0.368,1.4,2.9,0.5,0,6.4,6.4,6.4,2.1,0,3.6,3.6,20,,85,120,flynnma01
144,Simone Fontecchio,SF,28,TOT,59,39,1415,7.1,15.7,0.455,3.8,9.7,0.395,3.3,6,0.551,1.4,1.7,0.784,2,5,7,3.1,1.3,0.6,2,3.2,19.4,,116,121,fontesi01
144,Simone Fontecchio,SF,28,UTA,50,34,1160,6.7,14.8,0.45,3.8,9.6,0.391,2.9,5.2,0.56,1.3,1.7,0.8,2.2,5.1,7.3,3,1.2,0.7,2.1,3.4,18.4,,116,121,fontesi01
144,Simone Fontecchio,SF,28,DET,9,5,255,9.2,19.5,0.471,4.1,10,0.415,5.1,9.6,0.529,1.5,2.1,0.727,1.1,4.5,5.6,3.4,1.7,0,1.5,2.6,24.1,,116,122,fontesi01
145,Jordan Ford,PG,25,SAC,6,0,22,8.8,15.3,0.571,4.4,6.6,0.667,4.4,8.8,0.5,4.4,4.4,1,0,4.4,4.4,4.4,0,0,2.2,0,26.3,,138,123,fordjo01
146,Trent Forrest,SG,25,ATL,22,0,217,3.3,10.5,0.313,0.4,1.5,0.286,2.8,9,0.317,1.7,2.2,0.8,1.1,4.6,5.7,9.6,1.5,0.2,2.4,3.9,8.7,,101,122,forretr01
147,Evan Fournier,SG,31,TOT,11,0,191,7.3,18.7,0.392,3.8,11.9,0.319,3.5,6.8,0.519,3,3.5,0.857,0.8,4.8,5.6,3.3,3,0.5,2.3,4,21.5,,105,117,fournev01
147,Evan Fournier,SG,31,NYK,3,0,39,5.1,25.6,0.2,2.6,19.2,0.133,2.6,6.4,0.4,2.6,2.6,1,0,5.1,5.1,3.8,5.1,0,1.3,5.1,15.4,,72,108,fournev01
147,Evan Fournier,SG,31,DET,8,0,152,7.9,17,0.463,4.1,10.1,0.406,3.8,6.9,0.545,3.2,3.8,0.833,0.9,4.7,5.7,3.2,2.5,0.6,2.5,3.8,23,,115,119,fournev01
148,De'Aaron Fox,PG,26,SAC,51,51,1818,13.2,28,0.471,3.8,10.3,0.369,9.4,17.7,0.531,6.1,8.7,0.709,1.3,4.4,5.7,7.6,2.6,0.6,3.6,3.5,36.3,,114,116,foxde01
149,Javon Freeman-Liberty,PG,24,TOR,3,0,5,9.7,29,0.333,0,0,,9.7,29,0.333,0,0,,9.7,0,9.7,0,0,0,0,0,19.3,,90,126,freemja01
150,Alex Fudge,SF,20,LAL,4,0,14,3.4,20.4,0.167,0,6.8,0,3.4,13.6,0.25,6.8,6.8,1,6.8,0,6.8,0,0,0,3.4,3.4,13.6,,72,125,fudgeal01
151,Markelle Fultz,PG,25,ORL,25,15,575,8.5,17,0.5,0.1,0.8,0.111,8.4,16.2,0.519,1.3,2.1,0.6,3,4.5,7.4,7.1,2.6,0.8,2.7,3.3,18.3,,110,112,fultzma01
152,Daniel Gafford,C-PF,25,TOT,54,47,1343,8.1,11.9,0.682,0,0,,8.1,11.9,0.682,3.3,4.7,0.711,5.3,9.3,14.6,2.6,1.7,3.7,1.9,5.8,19.6,,136,115,gaffoda01
152,Daniel Gafford,C,25,WAS,45,45,1192,7.9,11.5,0.69,0,0,,7.9,11.5,0.69,3.3,4.6,0.706,5.1,9,14.1,2.7,1.7,3.8,1.8,5.7,19.1,,137,115,gaffoda01
152,Daniel Gafford,PF,25,DAL,9,2,151,9.8,15.5,0.633,0,0,,9.8,15.5,0.633,3.8,5.1,0.75,7.3,12,19.3,1.9,1.6,3.5,2.9,6.7,23.4,,129,111,gaffoda01
153,Danilo Gallinari,PF-SF,35,TOT,37,0,522,6.5,14.8,0.436,2.4,7.2,0.338,4,7.6,0.529,6.5,7.5,0.857,1.5,7,8.5,4.2,0.8,0.4,1.3,3.7,21.8,,125,122,gallida01
153,Danilo Gallinari,PF,35,WAS,26,0,385,6.9,15.8,0.435,2.4,7.7,0.313,4.5,8.1,0.552,5.7,6.8,0.839,1.4,7.7,9.2,3.7,0.7,0.4,1.4,3.1,21.8,,119,122,gallida01
153,Danilo Gallinari,SF,35,DET,6,0,90,6.4,11.7,0.545,3.7,6.4,0.583,2.7,5.3,0.5,11.2,12.8,0.875,1.1,6.4,7.5,6.4,1.1,1.1,0.5,4.8,27.7,,170,121,gallida01
153,Danilo Gallinari,SF,35,MIL,5,0,47,3,12.2,0.25,0,4.1,0,3,8.1,0.375,4.1,4.1,1,3,2,5.1,4.1,1,0,2,6.1,10.1,,92,121,gallida01
154,Darius Garland,PG,24,CLE,36,36,1183,9.9,21.5,0.459,3.2,8.5,0.377,6.7,13.1,0.511,4.5,5.3,0.852,0.7,2.9,3.6,9.1,2,0.2,4.7,2.2,27.5,,110,114,garlada01
155,Usman Garuba,PF,21,GSW,3,0,8,0,6,0,0,0,,0,6,0,0,0,,6,0,6,6,6,0,0,12,0,,103,111,garubus01
156,Luka Garza,C,25,MIN,14,0,40,13.5,30.8,0.44,3.7,11.1,0.333,9.9,19.7,0.5,9.9,14.8,0.667,7.4,6.2,13.5,2.5,0,0,2.5,13.5,40.6,,114,114,garzalu01
157,Kaiser Gates,SF,27,NOP,1,0,7,0,27.8,0,0,13.9,0,0,13.9,0,0,0,,0,7,7,0,0,0,0,0,0,,0,118,gateska01
158,Keyonte George,PG,20,UTA,55,24,1415,7.4,18.8,0.394,3.7,10.5,0.353,3.7,8.3,0.447,4.2,5.2,0.822,0.5,4.8,5.3,8.3,0.9,0.2,3.9,2.1,22.7,,109,123,georgke01
159,Paul George,PF,33,LAC,54,54,1823,11.3,24.8,0.454,4.7,12,0.391,6.6,12.8,0.514,4.8,5.3,0.899,0.8,7,7.8,5.2,2.3,0.6,2.9,4.1,32,,116,114,georgpa01
160,Taj Gibson,PF,38,NYK,16,1,165,2.1,7,0.304,0,1.8,0,2.1,5.2,0.412,0.6,0.6,1,3,5.5,8.5,2.7,0.6,1.8,1.5,8.5,4.8,,92,116,gibsota01
161,Josh Giddey,SG,21,OKC,59,59,1447,8.9,19.8,0.446,1.9,5.7,0.326,7,14.1,0.495,2.3,2.8,0.821,2.6,9.2,11.8,8.5,1.3,1.1,3.8,2.5,21.9,,107,112,giddejo01
162,Harry Giles,C,25,BRK,16,0,81,13.4,26.7,0.5,1.8,6.7,0.273,11.5,20,0.576,4.2,7.9,0.538,7.3,8.5,15.8,3.6,0.6,1.8,3.6,9.1,32.8,,109,116,gilesha01
163,Shai Gilgeous-Alexander,PG,25,OKC,59,59,2037,15.4,28.1,0.548,1.8,4.7,0.382,13.6,23.4,0.581,10.9,12.4,0.88,1.2,6.6,7.8,9.1,2.9,1.3,2.9,3.5,43.5,,131,110,gilgesh01
164,Anthony Gill,PF,31,WAS,32,0,173,6.2,13.4,0.46,0.8,3.5,0.231,5.4,9.9,0.541,4,5.4,0.75,3.8,6.7,10.5,3.8,1.9,1.6,4,3.2,17.2,,102,119,gillan01
165,Collin Gillespie,PG,24,DEN,19,0,161,7.1,13.9,0.511,3.4,7.4,0.458,3.7,6.5,0.571,1.5,2.5,0.625,0.3,3.4,3.7,4.9,3.1,0,3.1,5.5,19.1,,113,114,gilleco01
166,Jacob Gilyard,PG,25,MEM,37,14,654,4.5,10.7,0.417,3.8,8.9,0.425,0.7,1.8,0.375,0.1,0.1,1,0.6,2.6,3.2,9.8,2,0.4,2.2,2.6,12.9,,124,117,gilyaja01
167,Rudy Gobert,C,31,MIN,59,59,1988,7.6,11.7,0.647,0,0.1,0,7.6,11.6,0.651,4.7,7.4,0.639,5.3,13.4,18.7,1.8,0.8,3.1,2.2,4.4,19.9,,130,104,goberru01
168,Jordan Goodwin,PG,25,TOT,45,4,706,6.3,16.5,0.379,1.9,6.5,0.284,4.4,10,0.441,2,2.7,0.744,3.4,6.4,9.8,7,2.3,1,2.7,3.4,16.4,,105,114,goodwjo01
168,Jordan Goodwin,PG,25,PHO,40,0,558,6.5,16.8,0.389,2,7,0.288,4.5,9.8,0.46,2.2,2.5,0.862,3.5,6.7,10.2,6.8,2,0.8,2.5,3.7,17.2,,109,115,goodwjo01
168,Jordan Goodwin,PG,25,MEM,5,4,148,5.3,15.5,0.34,1.3,4.9,0.267,4,10.5,0.375,1.3,3.3,0.4,3.3,5.3,8.6,7.9,3.3,2,3.3,2.3,13.2,,91,110,goodwjo01
169,Aaron Gordon,PF,28,DEN,55,55,1734,8.7,15.6,0.556,0.9,2.9,0.291,7.8,12.7,0.617,3.8,5.8,0.653,3.8,6.5,10.3,5.1,1.3,1.1,2.3,2.9,22,,123,115,gordoaa01
170,Eric Gordon,SG,35,PHO,50,24,1490,7.5,16.4,0.455,4,10.4,0.389,3.4,6,0.571,1.4,1.8,0.815,0.5,2.9,3.4,3.6,1.5,0.8,2.1,2,20.4,,114,118,gordoer01
171,Devonte' Graham,PG,28,SAS,12,0,99,5.3,14.3,0.367,3.3,10.5,0.318,1.9,3.8,0.5,2.9,3.8,0.75,1,6.7,7.6,9.1,1.4,0.5,1.4,1.9,16.7,,119,119,grahade01
172,Jerami Grant,PF,29,POR,52,52,1754,10.4,23.1,0.451,3,7.5,0.401,7.4,15.6,0.475,6.9,8.5,0.812,1,4.2,5.2,4.1,1.1,0.9,3,3.2,30.8,,113,119,grantje01
173,A.J. Green,SG,24,MIL,40,0,366,7.5,17,0.443,6.2,14.7,0.425,1.3,2.3,0.556,1.3,1.4,0.909,0.8,4.7,5.5,2.9,0.4,0.3,0.7,4.7,22.6,,129,120,greenaj01
174,Danny Green,SG,36,PHI,2,0,18,0,5.4,0,0,2.7,0,0,2.7,0,0,0,,0,5.4,5.4,2.7,2.7,0,0,2.7,0,,33,115,greenda02
175,Draymond Green,PF,33,GSW,36,33,948,6.2,12.2,0.506,1.9,4.2,0.446,4.3,8,0.538,2.3,2.9,0.776,2.3,10.5,12.8,10.7,1.4,1.6,4.3,5.4,16.6,,119,113,greendr01
176,Jalen Green,SG,21,HOU,60,60,1834,9.9,24.3,0.407,3.4,10.7,0.318,6.5,13.6,0.478,5.5,6.8,0.811,0.7,7.1,7.8,5.3,1.2,0.5,3.5,2,28.8,,104,114,greenja05
177,Jeff Green,PF,37,HOU,58,5,960,5.7,12.2,0.467,1.4,4.4,0.307,4.3,7.8,0.558,4.9,6.1,0.81,1.7,4.5,6.2,2.5,0.5,1.3,2,4.1,17.7,,117,116,greenje02
178,Josh Green,SG,23,DAL,48,31,1314,5.9,12,0.489,2.5,6.1,0.411,3.3,5.9,0.571,1.2,1.8,0.66,1.2,4.7,5.9,4.3,1.5,0.3,1.9,3.5,15.4,,118,119,greenjo02
179,AJ Griffin,SF,20,ATL,18,0,132,4.7,16.2,0.289,3.2,11.9,0.273,1.4,4.3,0.333,0.7,0.7,1,0.7,4.3,5,1.4,0.4,0.4,2.2,2.2,13.3,,82,125,griffaj01
180,Quentin Grimes,SG,23,TOT,49,18,989,6,15.8,0.382,4.1,11.6,0.351,2,4.2,0.47,1.4,1.9,0.73,0.7,4.1,4.8,3,1.7,0.4,1.3,3.5,17.5,,111,117,grimequ01
180,Quentin Grimes,SG,23,NYK,45,18,910,6.2,15.7,0.395,4.2,11.6,0.363,2,4.1,0.486,1.3,1.9,0.706,0.8,4.1,4.8,2.9,1.6,0.2,1.2,3.6,18,,115,117,grimequ01
180,Quentin Grimes,SG,23,DET,4,0,79,4.2,17,0.25,2.4,11.5,0.211,1.8,5.5,0.333,1.8,1.8,1,0,4.9,4.9,4.9,2.4,2.4,3,2.4,12.7,,76,117,grimequ01
181,Mouhamadou Gueye,PF,25,TOR,1,0,6,8.1,24.2,0.333,0,0,,8.1,24.2,0.333,0,0,,16.1,8.1,24.2,0,0,16.1,0,8.1,16.1,,105,102,gueyemo01
182,Mouhamed Gueye,PF,21,ATL,2,0,4,0,11.9,0,0,11.9,0,0,0,,0,0,,0,0,0,0,11.9,0,0,11.9,0,,0,101,gueyemo02
183,Rui Hachimura,PF,25,LAL,48,19,1210,9,17.4,0.518,2.4,5.9,0.411,6.6,11.5,0.574,2.7,3.7,0.726,1.5,5.7,7.2,2,1.3,0.6,1.3,2.8,23.2,,117,118,hachiru01
184,Ashton Hagans,PG,24,POR,9,1,141,4.9,11.5,0.424,0.7,2.8,0.25,4.2,8.7,0.48,2.4,3.1,0.778,1.7,4.5,6.3,7.7,1.4,2.1,4.2,7,12.9,,99,117,haganas01
185,Tyrese Haliburton,PG,23,IND,49,48,1566,11,22.9,0.48,4.3,11.4,0.381,6.6,11.4,0.579,4.3,5,0.85,0.9,4.7,5.5,16.7,1.6,1,3.4,1.3,30.5,,130,120,halibty01
186,R.J. Hampton,PG,22,MIA,8,2,76,2.6,9.1,0.286,0.7,5.2,0.125,2,3.9,0.5,0.7,1.3,0.5,1.3,2.6,3.9,5.2,0,0,2,5.2,6.5,,84,120,hamptrj01
187,Tim Hardaway Jr.,SF,31,DAL,58,10,1686,9.3,22.6,0.41,4.9,13.8,0.359,4.3,8.9,0.489,3.6,4.1,0.875,0.5,5.3,5.8,2.8,0.8,0.1,1.6,2.5,27.1,,111,121,hardati02
188,James Harden,PG,34,LAC,54,54,1864,7.2,16.3,0.443,3.9,9.7,0.409,3.3,6.6,0.494,6.3,7.2,0.883,0.7,6.6,7.2,11.8,1.6,1.3,3.7,2.7,24.7,,128,115,hardeja01
189,Jaden Hardy,SG,21,DAL,54,6,801,9.4,23.1,0.407,4.2,11.5,0.365,5.2,11.6,0.448,2.3,3.2,0.717,0.9,5.1,6,5.1,1,0.2,2.4,3.5,25.2,,105,120,hardyja02
190,Ron Harper Jr.,PF,23,TOR,1,0,4,0,0,,0,0,,0,0,,0,0,,0,0,0,12.1,0,0,0,24.2,0,,227,125,harpero02
191,Gary Harris,SG,29,ORL,38,11,872,5.4,12,0.453,3,8.2,0.372,2.4,3.8,0.627,1.5,2,0.771,1,2.7,3.7,3.8,1.9,0.6,1.1,3.7,15.4,,125,114,harriga01
192,Joe Harris,SG,32,DET,16,0,170,3.9,11,0.359,2.8,8.5,0.333,1.1,2.5,0.444,0.3,0.6,0.5,0.8,2.8,3.7,2.8,0.8,0.6,1.1,5.4,11,,103,124,harrijo01
193,Kevon Harris,SG,26,ORL,2,0,6,16.4,24.6,0.667,0,0,,16.4,24.6,0.667,0,0,,0,16.4,16.4,8.2,0,0,8.2,24.6,32.8,,101,111,harrike01
194,Tobias Harris,PF,31,PHI,54,54,1826,9.7,19.5,0.5,1.8,5.1,0.356,7.9,14.4,0.551,4.1,4.6,0.896,1.6,7.2,8.8,4.6,1.5,0.8,1.9,2.5,25.4,,121,116,harrito02
195,Shaquille Harrison,SG,30,MEM,3,0,6,8.1,16.2,0.5,0,0,,8.1,16.2,0.5,0,0,,0,16.2,16.2,0,0,8.1,0,0,16.2,,99,104,harrish01
196,Josh Hart,SF,28,NYK,60,21,1873,5.3,12.5,0.424,1.7,5.2,0.325,3.6,7.3,0.495,1.6,2.1,0.769,2.2,10,12.2,5.6,1.4,0.5,2.1,3.1,13.9,,114,113,hartjo01
197,Isaiah Hartenstein,C,25,NYK,55,29,1384,5.5,9,0.61,0,0.1,0.333,5.5,8.9,0.614,2.8,3.9,0.729,6.6,10.1,16.8,4.3,2.2,2.1,2.3,5.6,13.8,,134,109,harteis01
198,Sam Hauser,SF,26,BOS,59,6,1243,6.3,14.2,0.447,5.1,12.3,0.417,1.2,1.9,0.646,0.6,0.7,0.882,1.4,6.5,7.8,2.1,0.9,0.6,1.1,3.1,18.4,,125,114,hausesa01
199,Jordan Hawkins,SG,21,NOP,54,10,1065,7.6,19.3,0.393,4.8,12.8,0.373,2.8,6.5,0.434,2.9,3.4,0.853,1.3,5.1,6.4,3,0.8,0.3,1.7,3.1,22.9,,112,117,hawkijo01
200,Jaxson Hayes,C,23,LAL,51,3,569,6.8,9.8,0.692,0,0.6,0,6.8,9.2,0.736,2.3,3.9,0.596,3.4,7,10.5,1.8,2.1,1.7,1.8,6.9,15.9,,128,114,hayesja02
201,Killian Hayes,PG,22,DET,42,31,1008,5.6,13.5,0.413,1,3.5,0.297,4.5,9.9,0.455,1.6,2.4,0.66,0.5,5.1,5.7,9.7,1.7,1,2.4,3.6,13.7,,107,120,hayeski01
202,Gordon Hayward,SF,33,TOT,31,25,886,8,17.7,0.453,1.2,3.4,0.361,6.8,14.3,0.475,3.6,4.6,0.774,1.7,6,7.7,6.7,1.5,0.7,2.9,2.6,20.8,,108,120,haywago01
202,Gordon Hayward,SF,33,CHO,25,25,798,8.5,18.2,0.468,1.4,3.7,0.361,7.2,14.5,0.496,3.8,5,0.765,1.5,5.6,7.2,7.1,1.7,0.7,3.1,2.8,22.2,,109,120,haywago01
202,Gordon Hayward,SF,33,OKC,6,0,88,3.3,12.6,0.261,0,0,,3.3,12.6,0.261,1.6,1.6,1,3.3,8.7,12,2.7,0,0,0.5,1.1,8.2,,89,117,haywago01
203,Scoot Henderson,PG,19,POR,43,16,1160,8.1,21.5,0.375,2.2,7.1,0.31,5.9,14.3,0.408,5.1,6.3,0.818,1.6,3.8,5.4,8.6,1,0.4,5.4,5.5,23.4,,97,120,hendesc01
204,Taylor Hendricks,PF,20,UTA,22,5,387,6,14,0.425,2.6,8.2,0.318,3.3,5.8,0.574,1.1,1.4,0.818,3.3,7.7,11,1.5,1.7,1.6,2.1,4.6,15.6,,107,117,hendrita01
205,Tyler Herro,SG,24,MIA,36,36,1209,11.6,26.6,0.437,4.8,12,0.399,6.8,14.6,0.468,2.7,3.2,0.835,0.7,7.1,7.8,6.5,1.2,0.1,3.2,2.1,30.7,,107,115,herroty01
206,Buddy Hield,SF-SG,31,TOT,62,38,1674,8.1,18.3,0.444,4.9,12.5,0.39,3.2,5.8,0.561,0.9,1,0.838,1.1,4.5,5.6,5.5,1.5,0.9,2.3,3.8,22,,115,120,hieldbu01
206,Buddy Hield,SF,31,IND,52,28,1336,8,18.2,0.443,4.8,12.5,0.384,3.2,5.6,0.575,1,1.2,0.848,1.2,4.7,5.9,4.9,1.5,1.1,2.2,3.6,21.9,,115,120,hieldbu01
206,Buddy Hield,SG,31,PHI,10,10,338,8.5,19,0.447,5.2,12.6,0.414,3.3,6.5,0.511,0.4,0.6,0.75,0.9,3.9,4.8,7.9,1.6,0.3,2.7,4.5,22.6,,117,118,hieldbu01
207,Haywood Highsmith,PF,27,MIA,44,24,920,5.1,11.9,0.432,2.6,7.1,0.366,2.5,4.8,0.528,1.1,1.4,0.808,2,4.6,6.7,2.3,2.3,1.3,1.4,4.7,14,,112,112,highsha01
208,Nate Hinton,SG,24,HOU,11,0,58,8.3,16.7,0.5,5.8,9.2,0.636,2.5,7.5,0.333,3.3,4.2,0.8,2.5,7.5,10,5,1.7,1.7,1.7,8.3,25.8,,139,111,hintona01
209,D'Moi Hodge,SG,25,LAL,7,0,41,5.8,17.4,0.333,3.5,13.9,0.25,2.3,3.5,0.667,1.2,2.3,0.5,0,0,0,5.8,1.2,1.2,1.2,4.6,16.3,,97,121,hodgedm01
210,Aaron Holiday,PG,27,HOU,57,1,974,7,15.4,0.453,3.4,8.2,0.41,3.6,7.2,0.503,2,2.2,0.889,0.8,4.1,4.9,5.2,1.5,0.2,2.2,4.5,19.4,,116,115,holidaa01
211,Jrue Holiday,PG,33,BOS,55,55,1817,7.3,15.2,0.48,3,6.7,0.448,4.3,8.4,0.506,1.5,1.8,0.824,1.9,6.5,8.4,7.2,1.3,1.1,2.7,2.5,19.1,,122,112,holidjr01
212,Justin Holiday,SG,34,DEN,38,9,549,5.1,10.9,0.463,3.2,7.8,0.407,1.9,3.2,0.6,0.3,0.4,0.75,0.5,3.7,4.2,3.4,2.2,0.3,0.8,4.2,13.5,,125,115,holidju01
213,Richaun Holmes,C-PF,30,TOT,30,2,312,7.2,12.9,0.553,0.2,0.2,1,7,12.8,0.548,2.4,4,0.615,6.1,9,15.1,2.4,0.6,1.7,2.4,6.5,16.9,,118,118,holmeri01
213,Richaun Holmes,C,30,DAL,23,2,237,6.7,11.9,0.559,0,0,,6.7,11.9,0.559,2.4,4.2,0.571,6.7,9.1,15.7,3,0.6,1.8,2.4,6.7,15.7,,121,117,holmeri01
213,Richaun Holmes,PF,30,WAS,7,0,75,8.7,16.1,0.538,0.6,0.6,1,8.1,15.5,0.52,2.5,3.1,0.8,4.3,8.7,13,0.6,0.6,1.2,2.5,6.2,20.4,,110,121,holmeri01
214,Chet Holmgren,C,21,OKC,60,60,1812,10.3,18.9,0.544,2.7,6.8,0.397,7.6,12.1,0.626,4.1,5.2,0.785,2.5,9.8,12.4,4.3,1.1,4.1,2.7,4,27.3,,124,109,holmgch01
215,Jalen Hood-Schifino,SG,20,LAL,19,0,103,4.6,19,0.244,0.9,6,0.154,3.7,12.9,0.286,5.1,8.3,0.611,0.9,4.6,5.5,3.7,1.4,0.9,4.2,6,15.3,,69,118,hoodsja01
216,Al Horford,C,37,BOS,50,23,1342,5.5,11.1,0.497,2.8,6.9,0.405,2.7,4.2,0.649,0.6,0.7,0.85,2.3,9.8,12.1,5,1,1.9,1.3,2.7,14.5,,134,110,horfoal01
217,Talen Horton-Tucker,PG,23,UTA,38,11,756,8.8,21.8,0.404,2.7,8.1,0.328,6.2,13.7,0.449,4.4,5.5,0.805,1.3,5,6.3,9.2,2.3,0.8,3.4,4.6,24.8,,110,119,hortota01
218,Danuel House Jr.,SF,30,PHI,34,4,509,4.5,10.1,0.448,1.4,4.8,0.3,3.1,5.3,0.582,3.4,4.4,0.761,1.5,4,5.6,2.7,1.4,0.5,1.8,4.3,13.8,,114,118,houseda01
219,Caleb Houstan,SF,21,ORL,44,9,664,5,12.7,0.398,4.5,11.9,0.381,0.5,0.8,0.636,1.3,1.6,0.773,1.7,3.8,5.5,1.9,0.9,0.2,1.1,3.9,15.9,,120,116,houstca01
220,Jett Howard,SF,20,ORL,13,0,49,8,22.1,0.364,5,17.1,0.294,3,5,0.6,2,4,0.5,1,4,5,3,0,1,2,3,23.1,,99,117,howarje01
221,Kevin Huerter,SG,25,SAC,57,52,1443,7.8,17.5,0.449,3.9,10.7,0.369,3.9,6.8,0.576,1.2,1.6,0.766,1.1,5.8,6.9,5,1.2,0.7,1.6,4,20.8,,117,118,huertke01
222,Jay Huff,C,25,DEN,12,0,34,8.7,16,0.545,4.4,11.7,0.375,4.4,4.4,1,2.9,2.9,1,1.5,11.7,13.1,1.5,1.5,0,1.5,10.2,24.8,,134,112,huffja01
223,De'Andre Hunter,SF,26,ATL,36,24,1018,8.5,17.8,0.478,3.3,7.8,0.425,5.2,10,0.519,5.3,6,0.884,1,5.4,6.4,2.1,1.3,0.6,2.3,4.6,25.6,,121,122,huntede01
224,Matthew Hurt,PF,23,MEM,6,0,86,5.7,14.2,0.4,2.3,7.4,0.308,3.4,6.8,0.5,1.7,1.7,1,2.8,2.8,5.7,2.3,1.1,1.7,0.6,3.4,15.3,,114,117,hurtma01
225,Bones Hyland,PG,23,LAC,21,2,281,7.9,22.7,0.346,3.5,11.9,0.294,4.4,10.8,0.403,1.7,2.1,0.833,0.5,2.4,3,7.3,1.7,0.3,4.2,4.7,21,,91,118,hylanbo01
226,Joe Ingles,SF,36,ORL,47,0,813,4.5,10.8,0.413,3,7.4,0.41,1.5,3.5,0.421,1.1,1.3,0.857,1,5.3,6.2,8.4,1.9,0.2,2.7,4.1,13.1,,117,113,inglejo01
227,Brandon Ingram,SF,26,NOP,55,55,1832,11.9,24.2,0.491,2.1,5.8,0.361,9.8,18.4,0.532,6.1,7.6,0.804,1,6.3,7.4,8.5,1.2,0.9,3.9,3.3,32,,116,115,ingrabr01
228,Kyrie Irving,SG,31,DAL,39,39,1336,13.6,27.7,0.492,4.2,9.9,0.422,9.5,17.8,0.53,4.5,5,0.893,1,6.1,7.1,7.1,1.7,0.6,2.3,2.6,35.9,,122,118,irvinky01
229,Jonathan Isaac,PF,26,ORL,41,1,603,7.5,15.7,0.479,1.6,5.5,0.299,5.9,10.2,0.576,3.6,5.1,0.71,4.2,9.8,14,1.6,2.4,3.8,1.8,3.6,20.2,,117,105,isaacjo01
230,Jaden Ivey,SG,21,DET,56,40,1563,9,20.4,0.442,2.6,7.5,0.341,6.4,12.8,0.501,5.2,7,0.746,2.1,3.9,6,6.3,1.2,1,4,4.9,25.8,,107,122,iveyja01
231,Andre Jackson Jr.,SG,22,MIL,47,8,500,4.4,8.3,0.529,1.4,3.8,0.375,3,4.5,0.66,0.8,1,0.727,3.4,5.4,8.9,4.2,1.3,0.4,2,7.8,11,,126,117,jacksan01
232,GG Jackson II,PF,19,MEM,28,1,575,9.2,21.4,0.433,4.1,10.6,0.384,5.2,10.8,0.48,4.5,6.4,0.697,2.4,5.9,8.3,1.7,1.2,1.4,2.5,2.8,27,,106,115,jacksgg01
233,Isaiah Jackson,C,22,IND,46,3,631,9.7,14.7,0.662,0,0.3,0,9.7,14.4,0.675,4.5,6.4,0.709,5.4,9,14.4,3,2.2,3.7,2.6,8.7,24,,132,113,jacksis01
234,Jaren Jackson Jr.,C,24,MEM,54,54,1723,11.8,26.4,0.446,2.8,8.7,0.325,9,17.7,0.506,7.9,9.6,0.818,1.8,6.6,8.4,3.3,1.7,2.3,3.6,5.4,34.3,,107,113,jacksja02
235,Justin Jackson,SF,28,MIN,2,0,1,0,0,,0,0,,0,0,,0,0,,0,0,0,0,0,0,0,0,0,,,118,jacksju01
236,Reggie Jackson,PG,33,DEN,61,16,1391,9,20.1,0.449,2.6,7.4,0.354,6.4,12.7,0.504,1.9,2.4,0.776,0.8,3.5,4.3,8.4,1.2,0.3,2.8,4,22.5,,110,118,jacksre01
237,Trayce Jackson-Davis,PF,23,GSW,47,3,614,10.3,14.9,0.689,0,0,,10.3,14.9,0.689,3.8,6.5,0.578,6.2,8.6,14.8,3.4,1,3.1,2.4,5.9,24.3,,134,113,jackstr02
238,LeBron James,PF,39,LAL,54,54,1895,13,24.7,0.527,3,7.4,0.408,10,17.3,0.578,5.3,7.2,0.731,1.2,8.4,9.5,10.7,1.7,0.8,4.4,1.6,34.3,,118,115,jamesle01
239,Jaime Jaquez Jr.,SF,22,MIA,54,17,1594,8.3,16.8,0.492,1.5,4.7,0.318,6.8,12.1,0.559,3.3,4.1,0.809,2.1,4.4,6.6,4.4,1.9,0.3,2.8,3.9,21.3,,111,115,jaqueja01
240,DaQuan Jeffries,SG,26,NYK,13,0,34,7.4,20.6,0.357,1.5,10.3,0.143,5.9,10.3,0.571,0,2.9,0,0,7.4,7.4,2.9,0,0,1.5,2.9,16.2,,81,119,jeffrda01
241,Trey Jemison,C,24,TOT,10,4,171,5.4,11.1,0.487,0,0,,5.4,11.1,0.487,2,2.6,0.778,4.8,5.7,10.5,2.3,1.1,2.8,2.8,8,12.8,,104,114,jemistr01
241,Trey Jemison,C,24,WAS,2,0,1,0,0,,0,0,,0,0,,0,0,,0,46.5,46.5,0,0,0,46.5,0,0,,0,100,jemistr01
241,Trey Jemison,C,24,MEM,8,4,170,5.4,11.2,0.487,0,0,,5.4,11.2,0.487,2,2.6,0.778,4.9,5.4,10.3,2.3,1.1,2.9,2.6,8,12.9,,106,114,jemistr01
242,Ty Jerome,SG,26,CLE,2,0,15,6.5,13.1,0.5,0,3.3,0,6.5,9.8,0.667,0,0,,3.3,0,3.3,9.8,0,0,3.3,6.5,13.1,,111,120,jeromty01
243,Isaiah Joe,SG,24,OKC,56,0,1038,7.6,16.1,0.47,5,11.9,0.424,2.5,4.3,0.598,1.6,1.9,0.85,1,4.9,5.9,2.9,1.6,0.7,1.6,3,21.8,,122,115,joeis01
244,Cameron Johnson,PF,27,BRK,47,43,1314,8.8,19.4,0.454,4.3,10.9,0.399,4.5,8.5,0.524,2.4,3.1,0.771,1.8,6,7.9,4.5,1.5,0.4,1.7,3.3,24.3,,119,118,johnsca02
245,Jalen Johnson,SF,22,ATL,46,43,1572,8.7,16.9,0.516,1.6,4.7,0.338,7.1,12.2,0.586,2.7,3.7,0.727,1.9,10.2,12.1,4.6,1.6,1.3,2.4,3.5,21.7,,117,117,johnsja05
246,James Johnson,PF,36,IND,6,0,32,2.9,8.8,0.333,0,1.5,0,2.9,7.3,0.4,2.9,2.9,1,1.5,4.4,5.9,8.8,5.9,1.5,2.9,10.3,8.8,,104,110,johnsja01
247,Keldon Johnson,SF,24,SAS,57,26,1683,9.2,20.5,0.45,2.8,8.3,0.338,6.4,12.2,0.527,4,5.1,0.781,2.2,6.5,8.7,4.8,1.3,0.5,2.4,3.7,25.3,,111,119,johnske04
248,Keon Johnson,SG,21,BRK,4,0,51,6.7,18.3,0.368,3.9,8.7,0.444,2.9,9.6,0.3,9.6,9.6,1,2.9,1.9,4.8,2.9,2.9,1,3.9,3.9,27,,115,116,johnske07
249,Keyontae Johnson,SF,23,OKC,9,0,66,3.6,11.6,0.313,0.7,2.2,0.333,2.9,9.5,0.308,0,0,,2.9,4.4,7.3,2.9,0.7,0,2.9,3.6,8,,79,118,johnske08
250,Nikola Jokić,C,28,DEN,59,59,2005,14.9,25.6,0.581,1.5,4.4,0.341,13.4,21.3,0.631,6.6,8,0.82,4.2,13.7,17.9,13.5,1.8,1.4,4.3,3.8,37.9,,132,109,jokicni01
251,Colby Jones,SG,21,SAC,17,0,121,6.8,18.3,0.37,0.4,5.2,0.077,6.4,13.1,0.485,0.8,2,0.4,4,6,9.9,4,1.6,0.4,2,6.4,14.7,,91,118,jonesco02
252,Damian Jones,C,28,CLE,25,0,150,5.6,10.5,0.531,0.7,2.3,0.286,4.9,8.2,0.6,3.3,3.6,0.909,2.9,7.9,10.8,3.9,1,3.3,2.9,5.2,15.1,,117,109,jonesda03
253,Derrick Jones Jr.,SF,26,DAL,56,47,1355,6.6,13.4,0.488,2.4,6.7,0.356,4.2,6.7,0.621,2.5,3.5,0.72,2.2,4.9,7.1,1.9,1.4,1.3,1.8,3.2,18.1,,117,118,jonesde02
254,Herbert Jones,SF,25,NOP,56,56,1646,6.7,13.1,0.514,2.5,5.8,0.429,4.2,7.3,0.581,2.9,3.4,0.852,1.8,4.2,6,4.1,2.1,1.3,2,4.8,18.8,,126,113,joneshe01
255,Mason Jones,SG,25,SAC,1,0,13,0,11.1,0,0,7.4,0,0,3.7,0,3.7,7.4,0.5,3.7,11.1,14.8,14.8,0,0,0,0,3.7,,95,119,jonesma05
256,Tre Jones,PG,24,SAS,56,27,1479,6.8,13.4,0.51,1.3,4.1,0.32,5.5,9.3,0.593,2.5,2.8,0.875,1.2,4.6,5.8,10.5,1.7,0.2,2.6,2.2,17.4,,123,120,jonestr01
257,Tyus Jones,PG,27,WAS,60,60,1750,8,16.2,0.493,2.5,6,0.418,5.5,10.3,0.536,0.8,1,0.789,0.5,3.8,4.3,11.6,1.8,0.4,1.6,1.2,19.3,,126,122,jonesty01
258,DeAndre Jordan,C,35,DEN,29,1,327,7.3,11.5,0.632,0,0,,7.3,11.5,0.632,3.3,7.4,0.449,7.3,12.7,20,3,0.8,2,2.9,7.3,17.9,,121,111,jordade01
259,Cory Joseph,PG,32,GSW,26,0,296,3.7,10.4,0.359,2.1,6.8,0.31,1.6,3.6,0.455,0.7,1.1,0.571,1,3.9,4.9,6.8,0.7,0.5,2,4.1,10.2,,108,120,josepco01
260,Nikola Jović,PF,20,MIA,26,18,444,6.3,14.4,0.434,3.5,7.7,0.449,2.8,6.7,0.417,1.6,2.9,0.538,2,9.8,11.8,5.5,1.1,0.9,2.8,5.3,17.5,,109,112,jovicni01
261,Johnny Juzang,SG,22,UTA,3,0,9,0,21.3,0,0,21.3,0,0,0,,0,0,,0,0,0,5.3,0,0,0,5.3,0,,19,128,juzanjo01
262,Luke Kennard,SG,27,MEM,30,13,745,6.7,15,0.445,5.2,11.5,0.449,1.5,3.5,0.434,2.2,2.5,0.868,0.6,5,5.6,5.8,1,0.1,2,2.2,20.7,,123,118,kennalu01
263,Walker Kessler,C,22,UTA,51,17,1189,7.7,11.8,0.652,0.2,0.8,0.211,7.5,11.1,0.682,1.9,3.3,0.568,5.2,10,15.3,1.8,1,5.6,2.1,4.4,17.4,,126,113,kesslwa01
264,Braxton Key,SF,26,DEN,17,0,55,5.4,14.4,0.375,0.9,3.6,0.25,4.5,10.8,0.417,3.6,5.4,0.667,2.7,9.9,12.6,7.2,1.8,0.9,0.9,4.5,15.3,,115,112,keybr01
265,Corey Kispert,SF,24,WAS,58,2,1324,9.1,18.8,0.483,4.2,11.5,0.367,4.9,7.3,0.665,2.8,3.6,0.767,0.7,4.5,5.1,3.5,0.9,0.4,2.3,3.3,25.2,,113,124,kispeco01
266,Maxi Kleber,C,32,DAL,24,7,534,3.9,8.8,0.439,1.8,5.2,0.345,2.1,3.6,0.575,1.7,2.6,0.655,1.5,6.2,7.7,3.8,0.7,1.4,1.8,4.3,11.2,,114,119,klebima01
267,Kevin Knox,SF,24,DET,31,11,560,7.4,15.9,0.462,2.7,8,0.33,4.7,7.9,0.598,1.7,1.9,0.909,1.5,4.9,6.4,2,1.1,0.6,1.9,4.3,19.1,,110,122,knoxke01
268,John Konchar,SF,27,MEM,46,15,894,3.8,9.1,0.419,1.5,5.2,0.295,2.3,3.9,0.583,0.7,0.9,0.813,3,7.7,10.7,4.5,2.2,2.4,1.6,3.1,9.9,,113,111,konchjo01
269,Furkan Korkmaz,SG,26,PHI,35,0,300,4.9,12.4,0.395,2.3,6.5,0.35,2.6,5.9,0.444,2.3,3.3,0.7,0.7,4.2,4.9,4.1,2.3,0.5,1.6,2.8,14.3,,108,116,korkmfu01
270,Luke Kornet,C,28,BOS,43,2,627,7,10,0.695,0,0,,7,10,0.695,2.4,2.7,0.886,6.1,6.8,12.9,2.8,1.3,3.2,1.3,4.7,16.3,,152,110,kornelu01
271,Vit Krejci,PG,23,ATL,1,0,2,0,0,,0,0,,0,0,,0,0,,0,0,0,0,0,0,0,0,0,,,129,krejcvi01
272,Jonathan Kuminga,PF,21,GSW,59,33,1513,11.2,21.1,0.529,1.3,4.3,0.299,9.9,16.9,0.587,5.6,7.7,0.73,2.5,6.5,8.9,3.9,1.2,0.9,3,4,29.2,,117,117,kuminjo01
273,Kyle Kuzma,PF,28,WAS,58,58,1850,12.7,27.5,0.462,3.4,9.9,0.342,9.3,17.6,0.53,3.5,4.5,0.782,1.5,8.1,9.6,5.9,0.7,1,3.9,3.2,32.3,,104,121,kuzmaky01
274,Jock Landale,C,28,HOU,34,0,305,4.6,12,0.382,0.3,2.9,0.111,4.3,9.2,0.466,2.7,3.5,0.773,6.8,5.2,12,3.5,1.3,2.1,1.9,4.9,12.2,,111,113,landajo01
275,Jake LaRavia,PF,22,MEM,16,0,225,6.3,17.5,0.358,2.2,9.3,0.233,4.1,8.2,0.5,3.7,4.8,0.773,2.8,4.5,7.4,3,1.1,0.6,1.9,5.6,18.4,,100,117,laravja01
276,Zach LaVine,SG,28,CHI,25,23,872,9.7,21.5,0.452,3.4,9.7,0.349,6.3,11.8,0.536,5,5.9,0.854,0.5,6.9,7.4,5.6,1.2,0.5,3,3.3,27.8,,113,117,lavinza01
277,A.J. Lawson,SG,23,DAL,28,0,231,8.3,17.6,0.471,2.7,8.3,0.325,5.6,9.3,0.6,2.5,3.9,0.632,2.5,4.3,6.8,2.7,1.9,0.6,2.1,3.9,21.7,,112,118,lawsoaj01
278,Saben Lee,PG,24,PHO,18,0,145,5.7,14.1,0.405,0.7,4.4,0.154,5,9.7,0.517,8.7,11.7,0.743,2.3,6.4,8.7,7.7,2.3,1,2.3,3.3,20.7,,120,114,leesa01
279,Alex Len,C,30,SAC,25,0,218,6.4,10.8,0.592,0,0.7,0,6.4,10.2,0.63,1.5,3.8,0.412,6.8,9.3,16.1,5.1,1.8,2.9,3.3,6,14.4,,118,112,lenal01
280,Kawhi Leonard,SF,32,LAC,54,54,1857,13,24.7,0.525,3.2,7.3,0.435,9.8,17.4,0.563,5.4,6.1,0.891,1.8,7.1,8.9,5.2,2.4,1.2,2.5,2.1,34.5,,126,113,leonaka01
281,Caris LeVert,SG,29,CLE,48,1,1329,9.1,21.7,0.418,2.9,8.8,0.331,6.2,12.9,0.479,3.8,5.1,0.759,1,5.8,6.8,8.3,1.6,0.8,2.6,3.2,24.9,,111,112,leverca01
282,Kira Lewis Jr.,PG,22,TOT,19,0,153,5.4,17.2,0.315,0.6,6.7,0.095,4.8,10.5,0.455,3.2,3.5,0.909,1.6,3.2,4.8,6.7,1.9,0.3,2.5,2.9,14.6,,92,116,lewiski01
282,Kira Lewis Jr.,PG,22,NOP,15,0,144,5.4,17.6,0.308,0.7,6.8,0.1,4.7,10.8,0.438,3.4,3.7,0.909,1.4,3.4,4.7,6.1,1.7,0.3,2.7,2.7,14.9,,89,116,lewiski01
282,Kira Lewis Jr.,PG,22,TOR,1,0,2,0,0,,0,0,,0,0,,0,0,,0,0,0,0,0,0,0,24.2,0,,,125,lewiski01
282,Kira Lewis Jr.,PG,22,UTA,3,0,7,6.9,13.7,0.5,0,6.9,0,6.9,6.9,1,0,0,,6.9,0,6.9,20.6,6.9,0,0,0,13.7,,159,113,lewiski01
283,Maxwell Lewis,SF,21,LAL,20,0,70,2,8.2,0.25,0.7,2,0.333,1.4,6.1,0.222,0,0,,0.7,1.4,2,2,1.4,0,3.4,2,4.8,,54,121,lewisma05
284,E.J. Liddell,PF,23,NOP,8,0,23,2.1,12.7,0.167,0,10.6,0,2.1,2.1,1,4.2,4.2,1,0,10.6,10.6,2.1,4.2,4.2,4.2,4.2,8.5,,56,101,liddeej01
285,Damian Lillard,PG,33,MIL,56,56,1949,10,23.7,0.42,4,11.6,0.345,6,12.1,0.492,9.2,10,0.924,0.7,5.3,6,9.2,1.4,0.3,3.5,2.4,33.2,,120,118,lillada01
286,Nassir Little,SF,23,PHO,34,2,426,5.6,12.2,0.458,2.2,6.8,0.317,3.4,5.4,0.638,1.9,2.3,0.85,1.6,6.5,8.1,2.2,1.1,1.1,1.5,4.2,15.3,,116,116,littlna01
287,Dereck Lively II,C,19,DAL,43,41,1070,7.8,10.4,0.75,0,0.1,0,7.8,10.3,0.757,1.7,3.1,0.529,5.2,8.8,14,2.3,1.4,2.9,1.9,5.5,17.2,,139,114,livelde01
288,Isaiah Livers,PF,25,DET,23,6,469,4.1,11.9,0.345,2.2,7.9,0.286,1.8,4,0.462,1.2,1.8,0.667,1.5,3.4,4.9,2.6,1.3,0.5,1.6,4.4,11.6,,97,122,liveris01
289,Chris Livingston,SF,20,MIL,16,0,69,4.8,11,0.438,0.7,2.1,0.333,4.1,9,0.462,1.4,1.4,1,1.4,9,10.4,3.5,1.4,0,2.8,7.6,11.7,,97,116,livinch01
290,Kenneth Lofton Jr.,PF,21,TOT,17,0,108,6.8,19.4,0.349,1.4,5.4,0.25,5.4,14,0.387,3.6,6.8,0.533,0.9,7.2,8.1,6.3,1.4,1.4,3.6,6.8,18.5,,86,114,loftoke01
290,Kenneth Lofton Jr.,PF,21,MEM,15,0,99,6.9,18.2,0.378,1.5,4.9,0.3,5.4,13.3,0.407,3.9,7.4,0.533,1,6.4,7.4,6.9,1.5,1.5,3,7.4,19.2,,94,114,loftoke01
290,Kenneth Lofton Jr.,PF,21,PHI,2,0,9,5.4,32.5,0.167,0,10.8,0,5.4,21.7,0.25,0,0,,0,16.3,16.3,0,0,0,10.8,0,10.8,,27,115,loftoke01
291,Kevon Looney,C,27,GSW,60,36,1027,5.3,9,0.591,0,0,0,5.3,9,0.594,2.2,3.2,0.676,5.9,11,16.9,5.7,1.1,1,2.1,6.2,12.8,,134,114,looneke01
292,Brook Lopez,C,35,MIL,58,58,1811,7.3,15.2,0.479,2.8,8,0.346,4.5,7.2,0.629,2.1,2.5,0.842,2.3,5.9,8.2,2.6,0.9,4.1,1.4,3.8,19.5,,121,113,lopezbr01
293,Robin Lopez,C,35,MIL,16,2,65,5.1,13.9,0.368,1.5,5.9,0.25,3.7,8.1,0.455,1.5,1.5,1,2.2,1.5,3.7,2.9,0.7,2.2,1.5,5.1,13.2,,100,119,lopezro01
294,Kevin Love,PF,35,MIA,47,5,822,8.1,18.4,0.443,4.5,12.8,0.349,3.7,5.6,0.656,4.9,6.3,0.779,3,14.6,17.6,6.3,1,0.5,2.3,5.1,25.6,,124,111,loveke01
295,Kyle Lowry,PG,37,TOT,42,37,1176,4.9,11.4,0.426,2.9,7.4,0.384,2,4,0.505,1.8,2.1,0.86,1.2,5,6.2,7.4,1.9,0.7,2.5,4.3,14.4,,117,114,lowryky01
295,Kyle Lowry,PG,37,MIA,37,35,1037,4.9,11.6,0.426,3,7.7,0.385,2,3.9,0.506,1.7,2,0.833,1.2,5,6.2,7,1.9,0.7,2.5,4.5,14.5,,115,114,lowryky01
295,Kyle Lowry,PG,37,PHI,5,2,139,4.6,10.5,0.433,2.1,5.6,0.375,2.5,4.9,0.5,2.8,2.8,1,1.4,4.9,6.3,10.2,1.8,0.4,2.1,2.8,14,,131,117,lowryky01
296,Seth Lundy,SF,23,ATL,9,0,52,3.6,15.5,0.235,2.7,11.9,0.231,0.9,3.6,0.25,2.7,3.6,0.75,0.9,5.5,6.4,0,0,0,0.9,5.5,12.8,,83,125,lundyse01
297,Trey Lyles,PF,28,SAC,44,0,871,6,13.1,0.456,3.7,9.3,0.399,2.3,3.8,0.594,2,3,0.667,2.4,8.5,10.8,2.8,0.7,0.7,1.6,3.9,17.6,,121,118,lylestr01
298,Théo Maledon,PG,22,TOT,17,1,213,4.6,16.1,0.286,1.1,6.9,0.167,3.4,9.2,0.375,3.2,3.4,0.933,0.9,4.6,5.5,6.4,1.6,0,4.1,4.8,13.6,,81,122,maledth01
298,Théo Maledon,PG,22,CHO,13,1,200,4.7,16.2,0.288,1.2,7.4,0.167,3.4,8.8,0.389,2.7,2.9,0.917,1,4.7,5.6,6.9,1.7,0,3.7,4.4,13.2,,82,122,maledth01
298,Théo Maledon,PG,22,PHO,4,0,13,3.7,14.9,0.25,0,0,,3.7,14.9,0.25,11.2,11.2,1,0,3.7,3.7,0,0,0,11.2,11.2,18.7,,63,122,maledth01
299,Sandro Mamukelashvili,C,24,SAS,33,0,213,6.9,15.8,0.437,1.8,7.5,0.235,5.1,8.2,0.622,2.7,3.8,0.706,4.2,8.2,12.4,6.2,1.3,1.8,1.8,4.9,18.2,,117,117,mamuksa01
300,Terance Mann,SG,27,LAC,53,49,1341,6.1,12.5,0.488,1.7,5.4,0.318,4.4,7.1,0.619,1.7,2.2,0.783,2.5,4.2,6.8,3.6,1,0.4,1.2,3.6,15.7,,124,119,mannte01
301,Tre Mann,PG,22,TOT,23,10,420,7.1,16.1,0.439,2.7,6.6,0.404,4.4,9.5,0.463,1.6,2.1,0.778,1,7.7,8.7,7.9,2.2,0,2.8,2.7,18.4,,110,117,manntr01
301,Tre Mann,PG,22,OKC,13,0,119,8.1,16.1,0.5,3.2,7.7,0.421,4.8,8.5,0.571,0.4,0.4,1,1.6,8.1,9.7,8.1,1.2,0,3.6,1.2,19.8,,115,114,manntr01
301,Tre Mann,PG,22,CHO,10,10,301,6.7,16.1,0.414,2.4,6.2,0.395,4.2,9.9,0.426,2.1,2.8,0.765,0.8,7.5,8.3,7.8,2.6,0,2.4,3.3,17.9,,108,118,manntr01
302,Boban Marjanović,C,35,HOU,9,0,48,10.1,21.2,0.476,0,2,0,10.1,19.1,0.526,3,6,0.5,6,16.1,22.2,4,0,1,2,4,23.2,,108,111,marjabo01
303,Lauri Markkanen,PF,26,UTA,51,51,1677,11.3,23.4,0.483,4.7,11.7,0.401,6.6,11.7,0.565,6.4,7.2,0.888,3.3,8.8,12,2.9,1.3,0.7,1.9,2.7,33.7,,129,119,markkla01
304,Naji Marshall,SF,26,NOP,49,1,925,6.3,14,0.447,2.1,5.7,0.37,4.2,8.3,0.5,3.3,4.2,0.785,2.3,6.7,9.1,5.2,1.8,0.5,2.8,3.7,17.9,,113,114,marshna01
305,Caleb Martin,SF,28,MIA,43,19,1159,7.2,15.8,0.454,2.3,5.9,0.388,4.9,9.9,0.494,2.3,3,0.771,2.3,6.2,8.5,3.9,1.3,0.7,2.2,3.8,19,,110,114,martica02
306,Cody Martin,SF,28,CHO,28,22,753,5.3,14,0.381,1.8,5.6,0.314,3.6,8.4,0.426,1.3,2.1,0.606,1.2,5.9,7.1,6.8,2.1,1.2,2.9,3.1,13.7,,96,119,martico01
307,KJ Martin,SF,23,TOT,43,2,488,6.5,11.8,0.551,0.5,2,0.25,6,9.8,0.612,1.4,2.9,0.483,1.8,5.9,7.7,3.1,1.7,0.6,2.1,6.2,14.9,,110,116,martike04
307,KJ Martin,SF,23,LAC,2,0,31,6.3,15.8,0.4,1.6,7.9,0.2,4.7,7.9,0.6,1.6,3.2,0.5,1.6,3.2,4.7,1.6,3.2,1.6,3.2,4.7,15.8,,86,113,martike04
307,KJ Martin,SF,23,PHI,41,2,457,6.5,11.5,0.565,0.4,1.6,0.267,6.1,9.9,0.613,1.4,2.9,0.481,1.8,6.1,7.9,3.2,1.6,0.5,2,6.3,14.8,,112,117,martike04
308,Garrison Mathews,SG,27,ATL,44,4,561,4.1,9.6,0.43,3.7,8.8,0.423,0.4,0.8,0.5,0.8,1.3,0.667,0.8,4,4.8,1.7,0.9,0.3,1.3,5.9,12.9,,120,124,mathega01
309,Bennedict Mathurin,SF,21,IND,58,19,1513,9,20.1,0.447,2.4,6.4,0.377,6.5,13.6,0.48,5.6,6.9,0.819,1.9,5.4,7.3,3.7,1.1,0.4,3,3.5,26,,110,122,mathube01
310,Wesley Matthews,SG,37,ATL,22,1,246,2.9,9.3,0.313,1.9,7.1,0.27,1,2.1,0.455,2.7,3.9,0.7,0.8,5.6,6.4,2.5,1.9,1.2,1.2,5.6,10.4,,105,120,matthwe02
311,Tyrese Maxey,PG,23,PHI,55,55,2056,11.8,26.3,0.449,4,10.6,0.378,7.8,15.7,0.496,6.4,7.3,0.871,0.7,4.2,4.9,8.2,1.3,0.6,2.2,2.9,33.9,,122,118,maxeyty01
312,Skylar Mays,PG-SG,26,TOT,31,5,419,7.2,18.2,0.397,1.9,6.3,0.296,5.4,11.9,0.451,1.5,2,0.765,1.2,3.7,4.9,9.7,2,0.5,2.2,2.9,17.9,,108,118,mayssk01
312,Skylar Mays,PG,26,POR,21,5,356,7.3,19.1,0.384,1.9,6.8,0.286,5.4,12.3,0.438,1.8,2.3,0.765,1.2,3.9,5.1,10.4,1.9,0.4,2.5,2.8,18.4,,106,118,mayssk01
312,Skylar Mays,SG,26,LAL,10,0,63,6.8,13.6,0.5,1.5,3.8,0.4,5.3,9.8,0.538,0,0,,0.8,3,3.8,6,2.3,0.8,0.8,3.8,15.1,,120,117,mayssk01
313,Miles McBride,PG,23,NYK,48,4,676,8.4,18.9,0.443,4.2,10.5,0.401,4.1,8.4,0.496,1.6,2,0.815,1,2.7,3.7,4.3,2.1,0.3,1.3,4.3,22.6,,122,116,mcbrimi01
314,CJ McCollum,PG,32,NOP,45,45,1421,10.5,23,0.458,5.2,12.3,0.425,5.3,10.7,0.497,2.8,3.5,0.794,0.9,5.8,6.6,6.9,1.6,1.2,2.4,3.2,29,,120,114,mccolcj01
315,T.J. McConnell,PG,31,IND,51,4,900,10.6,19.2,0.554,0.3,1.1,0.238,10.4,18.1,0.573,1.9,2.5,0.766,1.5,5.6,7.1,14.7,2.8,0.3,3.9,2.7,23.4,,121,118,mccontj01
316,Jaden McDaniels,SF,23,MIN,51,50,1486,7.2,14.3,0.506,2.1,5.8,0.366,5.1,8.5,0.602,1.2,1.5,0.778,1.2,3.4,4.6,2.3,1.5,1,2.2,5.2,17.7,,109,111,mcdanja02
317,Jalen McDaniels,SF,26,TOR,35,0,300,5.6,17.2,0.327,1.8,8.7,0.204,3.9,8.5,0.453,2.3,3.2,0.7,1.5,5.3,6.8,2.7,1.8,0.5,2.9,4.8,15.3,,83,119,mcdanja01
318,Doug McDermott,SF,32,TOT,52,0,766,6.3,14.7,0.427,4.9,11.9,0.415,1.4,2.8,0.478,0.7,1.2,0.579,0.6,2.6,3.1,3.8,0.7,0.1,1.5,3.1,18.2,,113,124,mcderdo01
318,Doug McDermott,SF,32,SAS,46,0,700,6.4,14.5,0.442,5.1,11.7,0.439,1.3,2.8,0.452,0.7,1.1,0.588,0.5,2.7,3.2,3.8,0.7,0.1,1.6,3.2,18.6,,116,123,mcderdo01
318,Doug McDermott,SF,32,IND,6,0,66,5,17.1,0.292,2.8,14.2,0.2,2.1,2.8,0.75,0.7,1.4,0.5,0.7,1.4,2.1,2.8,0,0,0.7,2.1,13.5,,88,127,mcderdo01
319,JaVale McGee,C,36,SAC,39,0,310,11.3,18,0.629,0,0.6,0,11.3,17.4,0.652,3.9,6.7,0.581,5.7,11.6,17.4,2.2,1.4,3,4.8,6.8,26.6,,111,112,mcgeeja01
320,Bryce McGowens,SG,21,CHO,48,13,761,5.7,12.4,0.458,1.9,5.6,0.345,3.7,6.8,0.552,3.3,4.3,0.761,1,4.8,5.8,2.9,1.2,0.5,1.6,4.4,16.6,,114,122,mcgowbr01
321,Jordan McLaughlin,PG,27,MIN,37,0,329,5.4,12.7,0.424,3.1,7.3,0.429,2.2,5.4,0.417,0.6,1.2,0.5,1.5,4.2,5.7,9.4,3.7,0.9,1.9,3,14.5,,122,106,mclaujo01
322,De'Anthony Melton,SG,25,PHI,36,33,1002,6.6,16.9,0.391,3.6,10.1,0.362,3,6.9,0.433,3.2,3.8,0.835,1.3,5.4,6.7,5.4,2.7,0.8,1.9,4,20.1,,114,114,meltode01
323,Nathan Mensah,C,25,CHO,25,0,307,1.9,4.5,0.429,0,0,,1.9,4.5,0.429,1.4,1.9,0.75,4.6,5.7,10.4,1.4,1,2.2,2.2,10.2,5.3,,104,120,mensana01
324,Sam Merrill,SG,27,CLE,42,0,662,8.5,19.2,0.44,7.4,16.8,0.441,1,2.4,0.438,0.8,0.9,0.917,1.3,4.6,5.9,4.7,1,0.1,0.9,3.4,25.1,,131,115,merrisa01
325,Chimezie Metu,C,26,PHO,37,5,447,7.2,14.1,0.508,1.6,5.5,0.294,5.5,8.6,0.646,4.1,4.7,0.884,2.6,9.3,11.9,2.1,2.1,1,2.9,4.2,20.1,,115,113,metuch01
326,Vasilije Micić,PG,30,TOT,40,1,590,5.8,14.4,0.406,1.5,6.1,0.243,4.3,8.3,0.525,2.1,2.8,0.765,0.4,2.8,3.2,11.1,1.2,0.2,3.9,2.9,15.3,,103,120,micicva01
326,Vasilije Micić,PG,30,OKC,30,0,361,4.9,12.1,0.407,1.5,6,0.244,3.5,6.1,0.565,1.9,2.5,0.737,0.1,3.1,3.2,10.1,1.2,0.4,3.9,2.9,13.2,,102,117,micicva01
326,Vasilije Micić,PG,30,CHO,10,1,229,7.3,18,0.405,1.5,6.2,0.241,5.8,11.8,0.491,2.6,3.2,0.8,0.9,2.4,3.2,12.6,1.3,0,4.1,2.8,18.6,,103,124,micicva01
327,Khris Middleton,SF,32,MIL,43,43,1129,10.2,21,0.487,3.1,8.1,0.378,7.1,12.8,0.556,3.3,4,0.832,1.1,6.7,7.8,9.1,1.6,0.5,3.8,4.4,26.8,,116,116,middlkh01
328,Brandon Miller,SF,21,CHO,54,48,1725,9.7,22,0.44,3.6,9.5,0.377,6.1,12.5,0.487,2.8,3.3,0.829,1.3,5,6.4,3.6,1.4,0.8,2.7,3.9,25.7,,105,121,millebr02
329,Jordan Miller,SF,24,LAC,5,0,21,9.3,14,0.667,2.3,2.3,1,7,11.7,0.6,4.7,4.7,1,4.7,4.7,9.3,0,0,0,2.3,4.7,25.7,,143,121,millejo02
330,Leonard Miller,SF,20,MIN,7,0,26,13.3,20.8,0.636,1.9,5.7,0.333,11.4,15.2,0.75,0,0,,1.9,17.1,19,5.7,1.9,1.9,1.9,5.7,28.4,,130,101,millele01
331,Dariq Whitehead,SF,19,BRK,2,0,24,2,10.2,0.2,0,6.1,0,2,4.1,0.5,2,4.1,0.5,0,8.2,8.2,6.1,0,2,0,0,6.1,,83,118,whiteda01
332,Patty Mills,PG,35,ATL,19,0,202,4.5,12,0.373,3.1,8,0.382,1.4,4,0.353,0,0,,1.2,3.5,4.7,3.3,2.1,0.2,1.9,4,12,,102,122,millspa02
333,Shake Milton,SG,27,TOT,42,0,554,6.6,16.5,0.403,1.5,5.5,0.274,5.1,11,0.468,3.4,4.2,0.809,1.2,4.9,6.1,5,1.6,0.5,2.7,4.2,18.2,,101,112,miltosh01
333,Shake Milton,SG,27,MIN,38,0,491,6.4,16.1,0.4,1.4,5.3,0.264,5,10.7,0.467,3.6,4.4,0.818,0.7,4.4,5.1,5,1.6,0.5,2.8,4.4,17.9,,100,111,miltosh01
333,Shake Milton,SG,27,DET,4,0,63,8.4,19.8,0.423,2.3,6.8,0.333,6.1,12.9,0.471,1.5,2.3,0.667,5.3,8.4,13.7,4.6,1.5,0.8,2.3,2.3,20.5,,108,119,miltosh01
334,Justin Minaya,SF,24,POR,19,0,151,2,8.1,0.24,1,5.2,0.188,1,2.9,0.333,1,2,0.5,3.3,3.3,6.5,2.6,1.6,1.6,1.6,3.3,5.9,,86,118,minayju01
335,Josh Minott,SF,21,MIN,21,0,62,7.9,16.7,0.476,0.8,4.8,0.167,7.2,11.9,0.6,9.5,11.1,0.857,2.4,7.2,9.5,2.4,2.4,2.4,1.6,5.6,26.2,,126,105,minotjo01
336,Davion Mitchell,PG,25,SAC,49,4,658,5.6,13.1,0.43,2,6.5,0.315,3.6,6.6,0.544,1.5,2,0.741,0.5,3.1,3.7,6.2,0.8,0.2,2,4.5,14.8,,111,121,mitchda01
337,Donovan Mitchell,SG,27,CLE,47,47,1679,13.3,28.1,0.472,4.7,12.5,0.371,8.6,15.6,0.553,7.3,8.4,0.861,1.2,6.2,7.4,8.5,2.5,0.7,4,3.1,38.5,,119,110,mitchdo01
338,Evan Mobley,PF,22,CLE,37,37,1160,10.4,17.7,0.585,0.5,1.4,0.324,9.9,16.3,0.608,3.7,5.3,0.704,3.9,12.3,16.2,4.7,1.4,2.5,3,4.5,24.9,,121,107,mobleev01
339,Isaiah Mobley,PF,24,CLE,3,0,14,7,14,0.5,3.5,7,0.5,3.5,7,0.5,0,0,,0,7,7,14,3.5,0,3.5,7,17.5,,126,108,mobleis01
340,Malik Monk,SG,25,SAC,58,0,1503,10.2,22.6,0.451,4.1,11.1,0.374,6.1,11.5,0.525,4.2,5.2,0.804,0.6,4.5,5.2,9.7,1.2,1.2,3.9,3.8,28.7,,114,118,monkma01
341,Moses Moody,SG,21,GSW,46,8,805,8.3,17.8,0.468,3,8.6,0.35,5.3,9.2,0.578,2.9,3.8,0.778,2.8,5.5,8.3,2.2,1.9,1.1,1.9,3.3,22.5,,117,116,moodymo01
342,Xavier Moon,SG,29,LAC,2,0,12,4.1,8.2,0.5,0,4.1,0,4.1,4.1,1,0,0,,0,8.2,8.2,12.3,0,0,4.1,4.1,8.2,,104,119,moonxa01
343,Taze Moore,SG,25,POR,3,0,10,14.8,24.6,0.6,0,9.8,0,14.8,14.8,1,0,0,,0,0,0,4.9,4.9,0,4.9,9.8,29.5,,101,114,mooreta02
344,Wendell Moore Jr.,SG,22,MIN,14,0,44,5.6,11.2,0.5,0,4.5,0,5.6,6.7,0.833,0,0,,0,6.7,6.7,2.2,5.6,1.1,3.4,4.5,11.2,,80,100,moorewe01
345,Ja Morant,PG,24,MEM,9,9,318,12.3,26.1,0.471,2.1,7.8,0.275,10.1,18.2,0.555,8,9.8,0.813,0.9,6.7,7.7,11.2,1.1,0.8,4.1,2.9,34.6,,115,116,moranja01
346,Marcus Morris,PF,34,PHI,37,7,637,6.9,15.7,0.439,2.8,6.9,0.4,4.1,8.8,0.47,2.4,2.8,0.861,1.4,7,8.3,2,1,0.8,1.5,4.7,18.9,,113,117,morrima03
347,Markieff Morris,PF,34,DAL,18,1,160,4.8,14.6,0.327,3,9,0.333,1.8,5.7,0.316,0.9,1.2,0.75,1.2,7.8,9,3.3,1.5,0.3,2.7,3.3,13.5,,89,117,morrima02
348,Monte Morris,PG,28,TOT,15,0,215,7,18.4,0.383,2.5,7.7,0.324,4.5,10.7,0.426,1.1,1.8,0.625,0.9,5.2,6.1,7,1.6,0.7,0.7,1.4,17.7,,110,114,morrimo01
348,Monte Morris,PG,28,DET,6,0,68,8.5,23.3,0.364,1.4,7.8,0.182,7,15.5,0.455,0.7,1.4,0.5,1.4,7,8.5,5.6,0.7,0.7,1.4,0.7,19,,92,122,morrimo01
348,Monte Morris,PG,28,MIN,9,0,147,6.4,16.1,0.396,3,7.7,0.391,3.4,8.4,0.4,1.3,2,0.667,0.7,4.4,5,7.7,2,0.7,0.3,1.7,17.1,,122,110,morrimo01
349,Trey Murphy III,SF,23,NOP,36,10,971,7.9,18.5,0.429,4.8,13.3,0.358,3.2,5.2,0.612,3.1,4.1,0.765,1.1,6.4,7.5,3.3,1.6,1,0.8,2.3,23.7,,123,114,murphtr02
350,Dejounte Murray,SG,27,ATL,57,57,1993,11.2,24.1,0.466,3,8.5,0.355,8.2,15.7,0.526,3.8,4.7,0.811,1,6.2,7.2,7.7,1.7,0.5,3.1,2.3,29.3,,115,121,murrade01
351,Jamal Murray,PG,26,DEN,45,45,1410,12.4,25.8,0.479,3.8,9.1,0.419,8.6,16.8,0.512,4,4.7,0.852,1,5.2,6.2,10.2,1.3,1.1,3.3,2.9,32.6,,119,116,murraja01
352,Keegan Murray,SF,23,SAC,55,55,1809,8.5,18.1,0.467,3.3,9,0.366,5.2,9.1,0.567,1.9,2.4,0.82,1.8,5.9,7.7,2.3,1.6,1,1.3,3.9,22.2,,116,117,murrake02
353,Kris Murray,SF,23,POR,39,6,607,4.9,12.7,0.382,1.7,6.3,0.269,3.2,6.4,0.494,1.1,1.9,0.583,2.7,4.9,7.6,2.8,2.7,0.6,2,3.3,12.6,,98,116,murrakr01
354,Mike Muscala,C,32,TOT,37,6,509,4.4,12.4,0.358,2.5,7.8,0.318,1.9,4.5,0.429,1.6,2.2,0.708,3,6.6,9.6,3,0.7,1.1,1.7,4.1,12.9,,104,122,muscami01
354,Mike Muscala,C,32,WAS,24,2,338,4.5,12.4,0.367,1.9,7,0.275,2.6,5.4,0.487,2.1,2.7,0.75,3,7.3,10.3,3,0.7,1,2.2,4.3,13.1,,100,122,muscami01
354,Mike Muscala,C,32,DET,13,4,171,4.2,12.3,0.341,3.6,9.5,0.382,0.6,2.8,0.2,0.6,1.1,0.5,2.8,5.3,8.1,2.8,0.8,1.4,0.6,3.6,12.6,,114,121,muscami01
355,Svi Mykhailiuk,SF,26,BOS,26,0,206,6.2,17.6,0.351,4.5,14,0.322,1.7,3.6,0.467,0.7,1.4,0.5,1.9,4.3,6.2,3.3,1.9,0,1.9,2.9,17.6,,102,114,mykhasv01
356,Larry Nance Jr.,C,31,NOP,43,0,792,5.5,9.4,0.588,1.2,2.9,0.426,4.3,6.5,0.66,1.7,2.4,0.718,3.9,9.7,13.6,4.1,2.4,1,2.3,3.9,14,,128,110,nancela02
357,Pete Nance,PF,23,CLE,2,0,4,0,24.6,0,0,0,,0,24.6,0,0,0,,0,0,0,0,0,0,0,0,0,,0,120,nancepe01
358,Andrew Nembhard,PG,24,IND,48,27,1132,7.7,15.7,0.488,1.6,4.6,0.348,6.1,11.1,0.547,1.2,1.6,0.789,1.2,2.6,3.8,8.5,1.9,0.2,3.3,3.9,18.2,,111,122,nembhan01
359,Aaron Nesmith,SF,24,IND,53,28,1429,7.8,15.3,0.514,3.6,8.1,0.447,4.2,7.2,0.589,2.3,3.2,0.704,1.6,5.1,6.6,2.5,1.8,1.1,1.7,5.7,21.6,,123,119,nesmiaa01
360,Georges Niang,PF,30,CLE,60,1,1273,7.3,17.2,0.427,3.7,10.7,0.35,3.6,6.5,0.554,1.4,1.7,0.822,0.7,7.5,8.3,2.7,0.5,0.5,1.8,5.2,19.8,,107,114,niangge01
361,Daishen Nix,PG,21,MIN,10,0,35,11.3,26.7,0.421,7,18.3,0.385,4.2,8.4,0.5,1.4,5.6,0.25,0,1.4,1.4,2.8,2.8,0,1.4,1.4,31,,102,111,nixda01
362,Zeke Nnaji,PF,23,DEN,46,0,450,6.1,13.9,0.437,0.6,2.2,0.25,5.5,11.7,0.472,4.1,5.8,0.698,5.9,5.1,11,2.9,1.3,3.4,3,7.3,16.7,,108,113,nnajize01
363,Jaylen Nowell,SG,24,MEM,9,1,156,6.9,17.2,0.4,1.2,7.2,0.174,5.6,10,0.563,0.9,0.9,1,0.9,3.4,4.4,5,0.9,0,1.6,4.1,15.9,,98,119,nowelja01
364,Markquis Nowell,SG,24,TOR,1,0,4,0,12.1,0,0,0,,0,12.1,0,24.2,24.2,1,24.2,0,24.2,24.2,12.1,0,0,0,24.2,,169,99,nowelma01
365,Frank Ntilikina,PG,25,CHO,5,0,43,1.1,10.3,0.111,1.1,9.1,0.125,0,1.1,0,2.3,2.3,1,1.1,5.7,6.8,4.6,0,0,1.1,4.6,5.7,,75,125,ntilila01
366,Jusuf Nurkić,C,29,PHO,57,57,1550,8.1,15.8,0.514,0.7,2.7,0.241,7.5,13.1,0.57,4.2,6.3,0.67,5,14.1,19.1,6.7,1.8,1.8,3.9,5.9,21.1,,115,109,nurkiju01
367,Jordan Nwora,SF,25,TOT,32,1,345,8.6,19.6,0.437,2.9,8.8,0.328,5.7,10.8,0.526,3.9,4.4,0.875,1.9,6.9,8.8,4.7,1.7,0.4,2.8,4.8,23.9,,110,119,nworajo01
367,Jordan Nwora,SF,25,IND,18,0,183,9.5,21,0.451,2.8,9.2,0.306,6.7,11.8,0.565,2.3,2.8,0.818,2.1,6.4,8.5,4.6,1.5,0.3,3.1,4.9,24.1,,106,120,nworajo01
367,Jordan Nwora,SF,25,TOR,14,1,162,7.5,17.9,0.417,3,8.4,0.357,4.5,9.5,0.469,5.7,6.3,0.905,1.8,7.5,9.2,4.8,1.8,0.6,2.4,4.8,23.6,,116,117,nworajo01
368,Royce O'Neale,SF,30,TOT,58,9,1448,5.3,13.7,0.39,4.1,11,0.372,1.2,2.6,0.462,0.7,1.1,0.677,1.5,7.9,9.4,5.6,1.6,1.2,2,4.7,15.4,,114,115,onealro01
368,Royce O'Neale,SF,30,BRK,49,6,1202,5.2,13.3,0.388,4,10.8,0.366,1.2,2.5,0.483,0.6,0.9,0.682,1.6,7.5,9,5.6,1.3,1.2,2.1,4.9,14.9,,112,116,onealro01
368,Royce O'Neale,SF,30,PHO,9,3,246,6.1,15.4,0.397,4.7,11.8,0.4,1.4,3.6,0.389,1.2,1.8,0.667,1.4,9.7,11,5.7,3,1.4,1.4,3.9,18.1,,121,110,onealro01
369,Chuma Okeke,SF,25,ORL,36,8,391,4.8,12.7,0.376,2.9,9.3,0.311,1.9,3.4,0.556,0.3,0.6,0.4,2.3,6.9,9.2,2.3,1,0.9,1.5,2.4,12.7,,103,114,okekech01
370,Josh Okogie,SG,25,PHO,54,11,926,4.3,10.4,0.417,1.4,4.8,0.297,2.9,5.7,0.519,3.9,5.2,0.74,3.7,4,7.8,3.2,2.5,1.2,1.7,3.4,14,,120,115,okogijo01
371,Onyeka Okongwu,C,23,ATL,53,8,1367,7.4,12.2,0.61,0.8,2.3,0.338,6.7,9.9,0.671,3.2,4,0.8,5,7.8,12.8,2.5,0.8,2,1.6,5.5,18.8,,138,120,okongon01
372,Isaac Okoro,SF,23,CLE,51,28,1339,6.4,12.8,0.501,2.2,5.5,0.4,4.2,7.3,0.578,2.6,3.8,0.689,2,3.6,5.6,3.8,1.6,0.9,1.5,3.6,17.6,,124,113,okorois01
373,Kelly Olynyk,C,32,TOT,59,8,1205,6.9,12.8,0.542,1.6,4.1,0.398,5.3,8.7,0.61,4.1,4.9,0.844,3,8.6,11.6,9.8,2,0.7,3.7,6.3,19.6,,128,117,olynyke01
373,Kelly Olynyk,C,32,UTA,50,8,1019,6.8,12.2,0.562,1.7,4,0.429,5.1,8.2,0.626,3.8,4.5,0.842,3,9,12,10.3,1.7,0.6,3.8,6.2,19.1,,130,118,olynyke01
373,Kelly Olynyk,C,32,TOR,9,0,186,7.5,16.4,0.46,1.3,4.9,0.263,6.2,11.4,0.545,6,7,0.852,3.4,6.5,9.9,6.8,3.6,1.3,3.1,6.5,22.3,,118,113,olynyke01
374,Eugene Omoruyi,SF,26,WAS,28,0,217,10.9,22.1,0.495,1.3,5.6,0.231,9.6,16.5,0.584,5.1,7.1,0.727,5.1,7.3,12.4,4.7,4.1,0.2,3.2,8.4,28.3,,112,115,omorueu01
375,Cedi Osman,SF,28,SAS,61,1,1077,6.8,14.4,0.471,3.1,8.3,0.378,3.6,6.1,0.597,1.5,2.2,0.68,1,5.7,6.6,4.7,1.4,0.4,1.8,4,18.1,,114,120,osmande01
376,Kelly Oubre Jr.,SF,28,PHI,47,33,1356,8.7,19.3,0.452,2.3,7.6,0.303,6.4,11.8,0.547,3.6,4.9,0.735,2.2,5.4,7.6,1.9,2,0.9,1.7,5,23.4,,111,116,oubreke01
377,Chris Paul,PG,38,GSW,36,11,975,5.7,13.6,0.422,2.5,6.8,0.372,3.2,6.8,0.471,1.9,2.3,0.826,0.5,6.2,6.7,12.5,2.3,0.1,2.1,3.2,15.8,,127,116,paulch01
378,Cameron Payne,PG,29,TOT,56,3,875,7.3,16.3,0.445,3.6,9.3,0.388,3.7,7.1,0.519,2.5,3,0.852,0.5,3.5,4,7.6,1.4,0.3,2.2,4.7,20.7,,120,119,payneca01
378,Cameron Payne,PG,29,MIL,47,2,702,6.9,15.1,0.455,3.5,8.9,0.397,3.3,6.2,0.538,2.5,3,0.841,0.3,3.9,4.2,7.4,1.5,0.2,2.1,5,19.7,,122,118,payneca01
378,Cameron Payne,PG,29,PHI,9,1,173,9,21.7,0.416,3.9,11,0.359,5.1,10.7,0.474,2.5,2.8,0.9,1.1,2,3.1,8.5,0.8,0.6,2.5,3.7,24.5,,114,121,payneca01
379,Gary Payton II,SG,31,GSW,26,0,408,7.5,14.4,0.525,1.5,4.6,0.333,6,9.8,0.614,1.1,1.7,0.643,3.9,5.3,9.2,3.1,3.3,1.1,1.9,5,17.7,,120,113,paytoga02
380,Drew Peterson,PF,24,BOS,1,0,3,16.3,16.3,1,16.3,16.3,1,0,0,,0,0,,0,0,0,16.3,0,0,0,16.3,49,,282,120,peterdr01
381,Filip Petrušev,C,23,TOT,3,0,10,4.8,9.7,0.5,0,0,,4.8,9.7,0.5,4.8,9.7,0.5,0,4.8,4.8,0,0,0,0,4.8,14.5,,108,122,petrufi01
381,Filip Petrušev,C,23,PHI,1,0,3,0,0,,0,0,,0,0,,0,0,,0,16.3,16.3,0,0,0,0,0,0,,,115,petrufi01
381,Filip Petrušev,C,23,SAC,2,0,7,6.9,13.8,0.5,0,0,,6.9,13.8,0.5,6.9,13.8,0.5,0,0,0,0,0,0,0,6.9,20.6,,108,125,petrufi01
382,Julian Phillips,SF,20,CHI,34,0,244,4.9,11.9,0.414,1.4,5.5,0.259,3.5,6.3,0.548,1.6,2.9,0.571,1.8,3.7,5.5,2.7,0.6,1.2,1.4,6.9,12.9,,104,119,phillju01
383,Jalen Pickett,SG,24,DEN,20,0,107,5.6,13.9,0.4,3.2,10.2,0.318,2.3,3.7,0.625,1.4,1.9,0.75,0.5,4.6,5.1,6.5,1.4,0,3.2,5.1,15.8,,103,117,pickeja02
384,Scotty Pippen Jr.,PG,23,MEM,8,4,181,7.5,15.9,0.475,3.5,6.2,0.565,4,9.7,0.417,4,5.7,0.714,2.2,5.1,7.3,9.7,2.2,1.1,4,5.7,22.6,,119,114,pippesc02
385,Mason Plumlee,C,33,LAC,27,9,457,6.6,10.2,0.642,0,0,,6.6,10.2,0.642,5.2,7.5,0.686,4.1,12.4,16.4,3.5,1.1,1,2.1,4.4,18.3,,134,113,plumlma01
386,Brandin Podziemski,SG,20,GSW,52,19,1392,6.9,15.3,0.451,2.2,6.1,0.366,4.7,9.3,0.507,1.3,2.1,0.613,2.8,7.6,10.4,7,1.5,0.3,2.3,3.2,17.4,,116,116,podzibr01
387,Jakob Poeltl,C,28,TOR,50,50,1319,9.1,13.9,0.656,0,0,,9.1,13.9,0.656,2.2,3.9,0.551,5.4,10.4,15.7,4.7,1.3,2.8,2.8,5.5,20.3,,125,114,poeltja01
388,Aleksej Pokusevski,PF,22,OKC,10,0,60,3.2,12.8,0.25,1.6,8.8,0.182,1.6,4,0.4,1.6,3.2,0.5,1.6,6.4,8,4,0.8,0.8,2.4,4,9.6,,79,115,pokusal01
389,Jordan Poole,SG,24,WAS,58,52,1699,9.3,23.1,0.401,3.3,10.6,0.31,6,12.5,0.478,4,4.7,0.86,0.6,3.4,4,5.9,1.8,0.5,3.5,5.2,25.8,,99,122,poolejo01
390,Craig Porter Jr.,PG,23,CLE,36,5,498,8.8,17.4,0.506,0.7,2.1,0.333,8.1,15.3,0.529,3.4,4.7,0.708,1.5,6.8,8.3,9.3,1.8,1.2,3.4,3.3,21.6,,114,111,portecr01
391,Jontay Porter,PF,24,TOR,18,5,228,5.5,15.1,0.366,2.5,8.1,0.316,3,7,0.424,2.3,2.5,0.917,3.6,8.1,11.7,6.8,2.5,2.3,2.3,6.1,15.9,,111,113,portejo01
392,Michael Porter Jr.,SF,25,DEN,60,60,1905,10,20.7,0.481,4.3,10.8,0.398,5.7,9.9,0.572,1.7,2,0.821,2.1,9,11.2,2.3,0.8,1.1,1.7,2.9,25.9,,117,114,portemi01
393,Otto Porter Jr.,SF,30,TOR,15,1,174,3.9,9.2,0.424,2.2,6.4,0.348,1.7,2.8,0.6,0.8,0.8,1,1.7,6.4,8.1,2.2,1.4,1.4,0.6,5.3,10.8,,123,118,porteot01
394,Bobby Portis,PF,28,MIL,61,1,1458,10.4,21,0.495,2.3,6.1,0.38,8.1,14.9,0.542,2.6,3.3,0.782,3.3,10.5,13.8,2.4,1.5,0.8,1.9,4.6,25.7,,115,114,portibo01
395,Kristaps Porziņģis,C,28,BOS,44,44,1303,11.2,21.2,0.526,3.2,8.4,0.375,8,12.8,0.625,8,9.4,0.859,2.7,8.7,11.4,3.2,1,3,2.6,4.6,33.5,,129,109,porzikr01
396,Micah Potter,PF,25,UTA,2,0,7,0,6.9,0,0,6.9,0,0,0,,0,0,,0,27.4,27.4,0,0,0,0,0,0,,0,112,pottemi01
397,Dwight Powell,C,32,DAL,50,8,734,4.4,6.2,0.705,0.1,0.1,0.5,4.3,6.1,0.71,3.9,5.4,0.723,5.3,6.6,11.9,4.9,1.4,1.2,1.8,6.5,12.7,,150,117,poweldw01
398,Norman Powell,SG,30,LAC,58,1,1484,9.4,19,0.496,4.3,9.4,0.456,5.2,9.7,0.534,3.2,3.9,0.831,0.3,4.6,4.9,2,1,0.6,1.7,3.5,26.4,,121,118,powelno01
399,Jason Preston,PG,24,UTA,1,0,1,0,0,,0,0,,0,0,,0,0,,48,0,48,0,0,0,48,0,0,,52,128,prestja01
400,Joshua Primo,SG,21,LAC,2,0,10,4.9,14.7,0.333,0,4.9,0,4.9,9.8,0.5,0,0,,4.9,0,4.9,0,0,4.9,19.6,0,9.8,,37,118,primojo01
401,Taurean Prince,PF,29,LAL,59,49,1718,5.4,12.6,0.431,3,8,0.382,2.4,4.6,0.515,1.1,1.5,0.717,0.4,4.4,4.7,2.8,1.4,0.7,1.5,3.4,15,,106,118,princta02
402,Payton Pritchard,PG,26,BOS,60,0,1232,7.1,16,0.443,4.1,10.7,0.383,3,5.3,0.564,1.2,1.5,0.811,2.1,5.4,7.5,6.5,1.1,0.2,1.6,3.1,19.4,,127,115,pritcpa01
403,Olivier-Maxence Prosper,PF,21,DAL,33,0,260,4.8,13.6,0.351,1.5,6.3,0.235,3.3,7.4,0.45,4.2,6.3,0.676,3.3,8.1,11.4,3.5,0.9,0.6,0.9,3.1,15.3,,112,118,prospol01
404,Trevelin Queen,SG,26,ORL,13,0,163,4.2,11.5,0.368,0.9,5.1,0.176,3.3,6.3,0.524,2.7,3.6,0.75,0.9,4.8,5.7,5.4,2.1,1.5,2.1,4.5,12.1,,101,111,queentr01
405,Neemias Queta,C,24,BOS,23,0,283,8.5,13.9,0.613,0,0,,8.5,13.9,0.613,2.6,3.5,0.75,7.6,10,17.7,1.9,1.7,2.4,1.6,7.8,19.6,,137,107,quetane01
406,Immanuel Quickley,SG-PG,24,TOT,56,26,1575,9.6,22.1,0.434,4.4,10.8,0.406,5.2,11.3,0.46,4.6,5.4,0.856,0.4,5.6,6,7.2,1.2,0.2,2.2,2.9,28.1,,120,119,quickim01
406,Immanuel Quickley,SG,24,NYK,30,0,720,10.6,23.3,0.454,4.4,11.2,0.395,6.1,12,0.509,5.7,6.5,0.872,0.3,5,5.3,5.1,1.1,0.2,2.2,3.1,31.2,,123,117,quickim01
406,Immanuel Quickley,PG,24,TOR,26,26,855,8.8,21.1,0.416,4.3,10.3,0.415,4.5,10.7,0.416,3.8,4.5,0.838,0.5,6,6.5,8.9,1.2,0.3,2.2,2.8,25.6,,117,120,quickim01
407,Lester Quinones,SG,23,GSW,26,0,341,6.4,15.9,0.398,3.5,9.6,0.368,2.8,6.4,0.444,2.4,3.5,0.68,2.8,5.9,8.8,4.1,0.7,0.3,2.3,5.5,18.6,,112,119,quinole01
408,Julius Randle,PF,29,NYK,46,46,1630,12.1,25.6,0.472,2.3,7.5,0.311,9.8,18.2,0.539,7.2,9.3,0.781,3,9.9,13,7,0.8,0.4,4.9,3.8,33.8,,113,115,randlju01
409,Duop Reath,C,27,POR,45,13,782,9.4,20.1,0.469,3.7,10.3,0.36,5.7,9.8,0.583,2.7,3.9,0.694,4.2,6.7,10.9,3,1.4,1.7,2.2,7.1,25.3,,118,116,reathdu01
410,Austin Reaves,SG,25,LAL,62,37,1950,8.3,16.9,0.491,2.6,7.2,0.363,5.7,9.7,0.586,4.4,5.1,0.866,1,5.1,6.1,8.4,1.3,0.3,3.2,2.8,23.7,,119,118,reaveau01
411,Cam Reddish,SF,24,LAL,38,26,858,4.8,11.8,0.406,1.9,5.5,0.343,2.9,6.3,0.46,2,2.6,0.783,1.2,3.7,4.9,2.6,2.5,0.6,1.7,3.2,13.4,,103,116,reddica01
412,Paul Reed,C,24,PHI,60,22,1100,7.8,14.3,0.55,0.6,1.6,0.361,7.3,12.7,0.573,1.6,2.1,0.75,5.9,9,14.8,3.3,1.8,2.3,1.9,6.4,17.9,,125,112,reedpa01
413,Naz Reid,C,24,MIN,61,0,1403,9.9,20.6,0.48,3.9,9.8,0.401,5.9,10.8,0.55,2.6,3.4,0.765,2.1,8.3,10.4,2.4,1.5,1.7,2.6,4.4,26.3,,112,107,reidna01
414,Jared Rhoden,SG,24,DET,6,0,42,6.8,12.5,0.545,1.1,4.6,0.25,5.7,8,0.714,2.3,2.3,1,1.1,4.6,5.7,4.6,0,2.3,3.4,4.6,17.1,,111,122,rhodeja01
415,Nick Richards,C,26,CHO,51,38,1331,7.4,10.6,0.692,0,0,0,7.4,10.6,0.694,4.1,5.6,0.73,5,10.1,15.1,1.6,0.7,2.4,2,5,18.8,,136,118,richani01
416,Josh Richardson,SG,30,MIA,43,6,1103,6.9,15.6,0.444,3,8.5,0.347,4,7.1,0.561,2.3,2.4,0.944,0.8,4.6,5.4,4.7,1.1,0.6,1.6,3.4,19.1,,116,116,richajo01
417,Duncan Robinson,SF,29,MIA,55,23,1545,8.1,17.9,0.453,4.9,12.1,0.405,3.2,5.8,0.556,2.2,2.5,0.886,0.4,3.9,4.3,5.3,1.2,0.4,2.4,4.1,23.4,,116,116,robindu01
418,Jerome Robinson,SG,26,GSW,14,0,56,5.2,18.9,0.273,1.7,11.2,0.154,3.4,7.7,0.444,5.2,8.6,0.6,0.9,1.7,2.6,2.6,0,1.7,0,2.6,17.2,,93,122,robinje01
419,Mitchell Robinson,C,25,NYK,21,21,613,4.7,8,0.592,0,0,,4.7,8,0.592,1.1,3.1,0.368,9.1,8.5,17.6,1.2,2.6,2.2,1.7,3.3,10.6,,128,109,robinmi01
420,Orlando Robinson,C,23,MIA,26,7,265,6,12,0.5,1.3,2.6,0.5,4.7,9.4,0.5,3.4,4.5,0.75,3.9,9.7,13.7,5.2,1.3,1.3,2.8,6.6,16.7,,119,111,robinor01
421,Jeremiah Robinson-Earl,PF,23,NOP,26,1,254,6.7,13,0.515,2.3,5.6,0.414,4.4,7.5,0.59,2.3,2.9,0.8,3.3,7.7,10.9,2.1,1.7,0.8,2.3,3.5,18,,120,113,robinje02
422,David Roddy,PF,22,TOT,53,13,1134,6.7,16.8,0.403,2.1,6.8,0.302,4.7,9.9,0.472,2,2.9,0.687,2.2,6.5,8.7,3.3,1.1,0.5,2.4,3,17.5,,98,116,roddyda01
422,David Roddy,PF,22,MEM,48,13,1114,6.8,16.9,0.402,2.1,6.8,0.301,4.7,10.1,0.47,2,2.9,0.687,2.2,6.5,8.8,3.3,1.1,0.5,2.4,3,17.6,,98,116,roddyda01
422,David Roddy,PF,22,PHO,5,0,20,4.9,9.7,0.5,2.4,7.3,0.333,2.4,2.4,1,0,0,,0,4.9,4.9,0,0,0,2.4,2.4,12.1,,93,121,roddyda01
423,Ryan Rollins,PG,21,WAS,10,0,66,9.2,17.6,0.52,1.4,2.1,0.667,7.7,15.5,0.5,9.2,12,0.765,1.4,6.3,7.7,7.7,5.6,2.1,4.9,4.9,28.9,,115,110,rolliry01
424,Derrick Rose,PG,35,MEM,24,7,399,9.3,20.2,0.461,1.8,5,0.366,7.5,15.1,0.492,2.9,3.3,0.889,0.9,4.6,5.5,9.5,1,0.2,3.8,2.6,23.3,,108,118,rosede01
425,Terry Rozier,SG-PG,29,TOT,43,42,1460,10.6,24.1,0.442,3.3,9.9,0.333,7.3,14.2,0.518,4.8,5.6,0.867,0.9,4.9,5.8,9.1,1.4,0.5,2.8,2.5,29.4,,115,120,roziete01
425,Terry Rozier,SG,29,CHO,30,30,1065,11.6,25.3,0.459,3.8,10.7,0.358,7.8,14.6,0.533,5,5.9,0.845,0.8,4.6,5.4,9.1,1.5,0.6,3,2.4,32,,116,122,roziete01
425,Terry Rozier,PG,29,MIA,13,12,395,8,20.8,0.386,1.9,7.8,0.242,6.2,13.1,0.471,4.4,4.6,0.946,1.4,5.7,7,9,1.4,0.5,2.3,2.8,22.3,,109,115,roziete01
426,Rayan Rupert,SG,19,POR,18,0,133,5.9,17,0.348,3,7,0.421,3,10,0.296,2.6,3.7,0.7,3.3,5.5,8.9,4.8,1.1,0,2.6,3.3,17.4,,102,120,ruperra01
427,D'Angelo Russell,PG,27,LAL,57,50,1807,9.7,20.9,0.466,4.1,9.9,0.414,5.6,11,0.512,3,3.7,0.809,0.5,3.8,4.3,9.5,1.2,0.7,2.9,3.1,26.5,,117,119,russeda01
428,Matt Ryan,SF,26,NOP,18,1,342,6.4,14.2,0.45,5.4,11.5,0.469,1,2.7,0.368,1.9,2,0.929,0.9,4.4,5.3,2.1,0.9,0.1,2.6,4,20.1,,116,118,ryanma01
429,Domantas Sabonis,C,27,SAC,59,59,2111,10.8,17.7,0.614,0.6,1.5,0.424,10.2,16.1,0.631,4.5,6.5,0.689,4.5,13.3,17.8,11.4,1.1,0.8,4.3,4.2,26.8,,129,115,sabondo01
430,Luka Šamanić,PF,24,UTA,29,0,166,7.5,19.4,0.388,2,7.8,0.259,5.5,11.6,0.475,5.2,6.4,0.818,2.3,11.3,13.6,1.2,0.3,0.9,3.5,5.2,22.3,,97,120,samanlu01
431,Jermaine Samuels,SF,25,HOU,11,0,53,7.3,10,0.727,0,1.8,0,7.3,8.2,0.889,1.8,1.8,1,1.8,8.2,10,1.8,0.9,0.9,0,3.6,16.4,,161,114,samueje01
432,Adama Sanogo,PF,21,CHI,3,0,11,13.6,13.6,1,0,0,,13.6,13.6,1,9.1,13.6,0.667,9.1,18.1,27.2,0,0,0,4.5,0,36.3,,148,114,sanogad01
433,Gui Santos,PF,21,GSW,15,0,138,6.6,13.3,0.5,2.4,5.9,0.412,4.2,7.3,0.571,4.9,5.2,0.933,5.2,9.8,15,3.5,1,0.7,2.4,5.6,20.6,,133,115,santogu01
434,Dario Šarić,C,29,GSW,58,9,1059,8,17.2,0.466,3.3,8.8,0.378,4.7,8.4,0.557,3.5,4,0.854,3.2,9.3,12.5,6.3,1.4,0.4,3.3,5,22.8,,120,115,saricda01
435,Olivier Sarr,C,24,OKC,13,0,90,5.3,9.6,0.556,1.1,3.2,0.333,4.3,6.4,0.667,4.8,6.9,0.692,5.3,13.3,18.7,1.1,0,3.2,1.6,9.1,16.5,,134,109,sarrol01
436,Marcus Sasser,PG,23,DET,51,0,838,8.3,18.2,0.459,3.4,8.2,0.41,5,9.9,0.5,2,2.3,0.854,0.4,4.2,4.6,8.9,1.7,0.5,3,4,22.1,,115,121,sassema01
437,Admiral Schofield,PF,26,ORL,14,0,52,5.7,15.1,0.375,2.8,9.5,0.3,2.8,5.7,0.5,0,1.9,0,1.9,6.6,8.5,4.7,0,0,3.8,6.6,14.2,,87,117,schofad01
438,Dennis Schröder,PG,30,TOT,60,38,1800,7.8,17.8,0.437,2.6,7,0.377,5.1,10.8,0.476,3.6,4.3,0.831,0.6,3.9,4.5,9.6,1.3,0.3,2.8,3.4,21.8,,115,121,schrode01
438,Dennis Schröder,PG,30,TOR,51,33,1559,7.7,17.3,0.442,2.4,6.8,0.35,5.3,10.5,0.501,3.9,4.6,0.852,0.7,3.7,4.3,9.7,1.4,0.2,2.6,3.3,21.6,,118,121,schrode01
438,Dennis Schröder,PG,30,BRK,9,5,241,8.6,20.8,0.412,4.3,8.2,0.525,4.3,12.6,0.339,1.2,2.2,0.545,0.2,5.3,5.5,8.6,0.6,0.4,4.1,4.1,22.6,,102,120,schrode01
439,Dereon Seabron,SG,23,NOP,6,0,55,3.5,11.5,0.308,0.9,1.8,0.5,2.7,9.7,0.273,4.4,5.3,0.833,0.9,5.3,6.2,4.4,1.8,0.9,0,3.5,12.4,,115,114,seabrde01
440,Alperen Şengün,C,21,HOU,59,59,1905,12.3,22.9,0.537,0.8,2.7,0.287,11.5,20.2,0.571,5.9,8.3,0.706,4.2,9.5,13.7,7.3,1.7,1.1,4,5,31.2,,118,111,sengual01
441,Brice Sensabaugh,SF,20,UTA,11,0,88,6.5,16.4,0.4,3.8,9.3,0.412,2.7,7.1,0.385,1.6,1.6,1,0.5,4.4,4.9,2.2,0.5,0,4.9,6,18.5,,89,124,sensabr01
442,Collin Sexton,SG,25,UTA,61,38,1521,11.6,23.9,0.485,3.1,7.7,0.398,8.6,16.2,0.526,8.2,9.5,0.861,1.6,3.2,4.8,8.9,1.5,0.4,3.8,3.8,34.5,,124,122,sextoco01
443,Landry Shamet,SG,26,WAS,43,5,686,7.9,18.3,0.43,3.6,10.5,0.342,4.3,7.8,0.548,2.6,3.1,0.826,1.1,3,4.1,3.5,1.7,0.6,1.9,4.9,21.9,,108,122,shamela01
444,Day'Ron Sharpe,C,22,BRK,45,1,704,9.3,15.9,0.586,0.3,0.8,0.364,9,15.1,0.597,4.4,7.1,0.618,8.5,12.8,21.2,4.5,1.4,2.4,3.4,7.1,23.3,,124,111,sharpda01
445,Shaedon Sharpe,SG,20,POR,32,25,1059,8.2,20.2,0.406,2.8,8.4,0.333,5.4,11.8,0.457,4.6,5.5,0.824,2,5.5,7.4,4.4,1.3,0.6,3.3,4.1,23.7,,105,119,sharpsh01
446,Ben Sheppard,SG,22,IND,37,0,428,5.5,13.4,0.41,3.1,9.1,0.337,2.4,4.3,0.564,1.5,1.9,0.824,0.8,4.4,5.2,3.2,2.2,0.2,0.8,5.7,15.6,,117,120,sheppbe01
447,Pascal Siakam,PF,29,TOT,60,60,2041,11.9,22.2,0.535,1.7,5,0.34,10.2,17.3,0.591,5.1,6.9,0.735,2.2,7,9.1,6.6,1.1,0.4,2.7,3.4,30.5,,121,120,siakapa01
447,Pascal Siakam,PF,29,TOR,39,39,1354,11.6,22.2,0.522,1.6,5.2,0.317,10,17.1,0.584,6,8,0.758,1.9,6.9,8.8,6.8,1.1,0.4,3,3.1,30.9,,119,119,siakapa01
447,Pascal Siakam,PF,29,IND,21,21,687,12.4,22.2,0.56,1.8,4.6,0.388,10.7,17.6,0.605,3.2,4.9,0.662,2.6,7.2,9.8,6.2,1.2,0.5,2.1,4,29.9,,124,120,siakapa01
448,Ben Simmons,PG,27,BRK,15,12,359,5.9,10.1,0.581,0,0,,5.9,10.1,0.581,0.8,2.1,0.4,4.2,12.1,16.3,11.8,1.6,1.2,3.7,4.9,12.6,,121,113,simmobe01
449,Anfernee Simons,SG,24,POR,36,36,1222,11.3,26.6,0.424,4.7,12.5,0.379,6.5,14,0.464,5.1,5.6,0.914,0.7,4.5,5.2,7.7,0.6,0.2,3.9,3.2,32.4,,112,121,simonan01
450,Jericho Sims,C,25,NYK,34,10,435,3.8,5.2,0.733,0,0,,3.8,5.2,0.733,1.5,2.3,0.65,4.7,7.6,12.3,2.3,0.5,1.7,1.3,3.7,9.1,,146,115,simsje01
451,Dmytro Skapintsev,C,25,NYK,2,0,2,0,25,0,0,0,,0,25,0,0,0,,0,0,0,0,0,0,0,0,0,,0,123,skapidm01
452,Jalen Slawson,SF,24,SAC,5,0,19,5.1,7.6,0.667,0,2.5,0,5.1,5.1,1,0,0,,0,10.1,10.1,5.1,0,2.5,5.1,7.6,10.1,,88,116,slawsja01
453,Javonte Smart,PG,24,PHI,1,0,1,0,0,,0,0,,0,0,,0,0,,0,0,0,0,0,0,0,0,0,,,125,smartja01
454,Marcus Smart,PG,29,MEM,20,20,605,8.2,19.1,0.43,3.4,10.8,0.313,4.8,8.3,0.583,3.5,4.5,0.768,0.5,3.8,4.3,6.9,3.3,0.4,5,4.3,23.3,,99,113,smartma01
455,Dennis Smith Jr.,PG,26,BRK,44,1,867,6.9,16,0.428,1.3,4.7,0.277,5.6,11.3,0.49,2,2.7,0.745,2.5,5.7,8.2,9.9,2.8,0.6,3.1,5.6,17,,110,115,smithde03
456,Dru Smith,SG,26,MIA,9,0,131,5.7,12.5,0.455,2.7,6.4,0.412,3,6.1,0.5,0.8,0.8,1,2.3,3,5.3,5.3,3.4,1.1,1.9,4.5,14.8,,118,111,smithdr01
457,Ish Smith,PG,35,CHO,43,5,741,4.4,10.4,0.418,0.3,0.5,0.5,4.1,9.9,0.413,0.2,0.3,0.75,0.7,4.3,5,9.6,1.1,0.3,3.1,3.2,9.2,,97,123,smithis01
458,Jabari Smith Jr.,PF,20,HOU,55,55,1768,7.4,16.4,0.451,2.5,7.2,0.354,4.8,9.2,0.527,2.9,3.6,0.809,3.1,10.1,13.2,2.2,1.1,1.1,1.8,4,20.2,,114,112,smithja05
459,Jalen Smith,C,23,IND,43,13,760,10.7,17.5,0.613,2.8,6.4,0.442,7.9,11.1,0.711,3,4.1,0.716,4.4,10.4,14.8,2.7,0.7,1.7,2.2,5.7,27.3,,133,118,smithja04
460,Nick Smith Jr.,SG,19,CHO,37,0,573,7.5,18.6,0.406,4.4,9.7,0.451,3.2,8.9,0.356,0.9,1.1,0.846,1.4,3.3,4.6,3.8,0.6,0.6,2.7,3.8,20.4,,102,124,smithni01
461,Terquavion Smith,PG,21,PHI,12,0,69,11.3,28.3,0.4,8.5,21.9,0.387,2.8,6.4,0.444,1.4,2.1,0.667,0,1.4,1.4,7.1,4.9,0,2.8,2.8,32.5,,111,113,smithte01
462,Jeremy Sochan,PF,20,SAS,61,60,1798,7.2,16.2,0.444,1.5,4.5,0.335,5.7,11.8,0.485,2.3,2.9,0.768,2.9,6.9,9.9,5.5,1.2,0.7,3,3.7,18.2,,105,119,sochaje01
463,Pat Spencer,PG,27,GSW,1,0,2,0,0,,0,0,,0,0,,0,0,,0,0,0,0,0,0,0,0,0,,,125,spencpa01
464,Jaden Springer,SG-PG,21,TOT,37,1,396,5.9,15.5,0.381,1,4.8,0.205,4.9,10.7,0.46,3.4,4.2,0.824,3.4,4.2,7.6,4.4,3.1,1.4,3.3,6.3,16.3,,99,113,sprinja01
464,Jaden Springer,SG,21,PHI,32,1,377,5.9,15.3,0.39,1,4.8,0.216,4.9,10.5,0.469,3.6,4.4,0.824,3.2,4.3,7.5,4.5,3.2,1.4,3.4,6.3,16.6,,100,113,sprinja01
464,Jaden Springer,PG,21,BOS,5,0,19,5.2,20.6,0.25,0,5.2,0,5.2,15.5,0.333,0,0,,7.7,2.6,10.3,2.6,0,0,2.6,5.2,10.3,,77,119,sprinja01
465,Lamar Stevens,PF,26,TOT,27,2,284,10.3,20.6,0.5,1.4,2.8,0.5,8.9,17.9,0.5,2.9,4.1,0.708,3.6,8.4,12,2.6,1.9,2.2,3.1,5.2,24.9,,106,110,stevela01
465,Lamar Stevens,PF,26,BOS,19,1,122,8.4,18.1,0.467,1.2,3.2,0.375,7.2,14.9,0.486,3.2,4.4,0.727,4.8,7.6,12.5,3.2,2.4,2,3.6,5.6,21.3,,107,108,stevela01
465,Lamar Stevens,PF,26,MEM,8,1,162,11.7,22.6,0.52,1.5,2.4,0.625,10.2,20.2,0.507,2.7,3.9,0.692,2.7,9,11.7,2.1,1.5,2.4,2.7,4.8,27.7,,106,111,stevela01
466,Isaiah Stewart,PF,22,DET,38,37,1164,6.4,13.6,0.473,2.3,6.1,0.381,4.1,7.5,0.546,2.3,3.1,0.733,2.7,8,10.7,2.7,0.5,1.3,2.4,3.7,17.4,,112,121,stewais01
467,Julian Strawther,SF,21,DEN,39,0,495,7.5,20,0.375,3.8,12.5,0.304,3.7,7.5,0.493,1.8,2.5,0.72,0.4,4.8,5.2,4.1,1.7,0.7,1.7,4.8,20.6,,102,115,strawju01
468,Max Strus,SF,27,CLE,60,60,1932,6.7,16.2,0.412,3.7,10.8,0.34,3,5.5,0.553,1.6,2,0.785,1.3,5.9,7.2,5.8,1.3,0.7,2.3,3.9,18.6,,111,113,strusma01
469,Jalen Suggs,SG,22,ORL,56,56,1491,8.2,17.8,0.459,3.8,9.6,0.392,4.4,8.2,0.538,2.6,3.4,0.76,1.3,4.7,5.9,4.7,2.6,1.1,3.6,5.3,22.7,,109,111,suggsja01
470,Cole Swider,SF,24,MIA,11,0,55,8.1,22.5,0.36,4.5,17.1,0.263,3.6,5.4,0.667,1.8,1.8,1,0.9,2.7,3.6,3.6,0.9,0.9,5.4,1.8,22.5,,84,117,swideco01
471,Jae'Sean Tate,SF,28,HOU,53,9,905,5,10.6,0.47,1.1,3.7,0.304,3.8,6.9,0.558,1.2,1.7,0.688,2.8,6.5,9.3,3,2,0.5,1.4,6.5,12.2,,115,112,tateja01
472,Jayson Tatum,PF,25,BOS,57,57,2036,12.6,26.4,0.478,4.2,11.5,0.369,8.4,14.9,0.562,7.7,9.3,0.829,1.1,10.4,11.6,6.6,1.4,0.8,3.4,2.8,37.1,,121,110,tatumja01
473,Terry Taylor,PF,24,CHI,23,0,161,5.3,10.5,0.5,0.6,2.8,0.222,4.6,7.7,0.6,0.6,0.9,0.667,4.6,5.6,10.2,2.2,1.2,0.6,2.2,5,11.8,,110,118,taylote01
474,Garrett Temple,SG,37,TOR,16,0,69,5.6,14.7,0.381,1.4,6.3,0.222,4.2,8.4,0.5,3.5,4.2,0.833,3.5,4.2,7.7,4.2,2.1,0,3.5,4.2,16.1,,99,119,templga01
475,Dalen Terry,SG,21,CHI,40,1,404,4.1,10.4,0.393,1.4,5.7,0.239,2.7,4.7,0.579,2.2,3.2,0.692,1.9,6.4,8.3,6.2,1.9,1,2.3,6.4,11.7,,108,115,terryda01
476,Daniel Theis,C,31,TOT,44,3,766,7.4,13.8,0.532,1.2,3.1,0.367,6.2,10.7,0.581,2,2.8,0.721,4.2,7,11.2,2.9,1.2,2.4,1.9,6.4,17.9,,122,114,theisda01
476,Daniel Theis,C,31,IND,1,0,8,5.9,23.5,0.25,0,5.9,0,5.9,17.6,0.333,0,0,,0,0,0,0,0,0,0,5.9,11.7,,55,128,theisda01
476,Daniel Theis,C,31,LAC,43,3,758,7.4,13.7,0.538,1.2,3.1,0.375,6.2,10.6,0.585,2,2.8,0.721,4.3,7.1,11.3,2.9,1.2,2.4,1.9,6.4,17.9,,123,114,theisda01
477,Cam Thomas,SG,22,BRK,48,33,1431,12.4,28.4,0.437,3.3,9.2,0.36,9.1,19.3,0.474,6.3,7.5,0.839,0.6,4.1,4.7,4.4,1.2,0.4,2.9,3.4,34.5,,108,120,thomaca02
478,Amen Thompson,SF,21,HOU,41,6,802,7.7,15.4,0.502,0.4,2.8,0.149,7.3,12.5,0.582,3.4,5.2,0.644,4.5,9.4,13.9,5.8,3,1.4,3.6,5.6,19.2,,110,107,thompam01
479,Ausar Thompson,SF,21,DET,60,35,1494,7.1,14.6,0.489,0.6,3.3,0.186,6.5,11.3,0.577,2.1,3.6,0.595,3.9,8.4,12.3,3.7,2.1,1.8,2.6,5.5,17,,107,116,thompau01
480,Klay Thompson,SF,33,GSW,57,51,1705,9.7,23,0.42,5.3,14,0.378,4.4,9,0.486,2.7,2.9,0.922,0.8,4.9,5.6,3.5,0.9,0.8,2.5,2.9,27.3,,110,119,thompkl01
481,Tristan Thompson,C,32,CLE,36,0,446,6.7,10.4,0.649,0,0.1,0,6.7,10.2,0.656,1.4,4.6,0.31,6.5,8.9,15.4,4.4,0.9,1.2,2.5,5.5,14.9,,123,111,thomptr01
482,JT Thor,PF,21,CHO,47,1,595,4.3,11.8,0.364,1.6,5.1,0.306,2.7,6.7,0.407,0.6,1.1,0.538,3.2,6.1,9.3,1.5,0.7,1.6,1,3.7,10.7,,99,121,thorjt01
483,Matisse Thybulle,SF,26,POR,57,19,1323,4,10.4,0.384,2.6,7.7,0.333,1.4,2.7,0.528,0.7,0.9,0.792,0.9,3.3,4.2,2.7,3.8,1.6,1.3,3.1,11.2,,108,113,thybuma01
484,Xavier Tillman Sr.,C-PF,25,TOT,37,13,736,6.2,14.6,0.421,0.9,3.6,0.236,5.3,11,0.482,1.3,3,0.444,3.7,7,10.7,3.9,2.8,2.5,1.9,4.2,14.5,,100,109,tillmxa01
484,Xavier Tillman Sr.,C,25,MEM,34,13,700,6.1,14.8,0.408,0.8,3.7,0.226,5.2,11.1,0.469,1.3,3,0.419,3.9,7,10.9,4,2.9,2.4,2,4.2,14.2,,98,109,tillmxa01
484,Xavier Tillman Sr.,PF,25,BOS,3,0,36,8.2,10.9,0.75,1.4,2.7,0.5,6.8,8.2,0.833,2.7,2.7,1,0,6.8,6.8,2.7,1.4,2.7,0,4.1,20.4,,175,110,tillmxa01
485,Jacob Toppin,SF,23,NYK,8,0,37,6.8,12.2,0.556,1.4,5.4,0.25,5.4,6.8,0.8,2.7,2.7,1,4.1,5.4,9.5,4.1,0,1.4,1.4,4.1,17.6,,141,118,toppija01
486,Obi Toppin,PF,25,IND,62,28,1368,8.6,15.4,0.56,2.7,6.7,0.398,6,8.7,0.685,2,2.7,0.747,2.3,5.9,8.2,3.3,1.1,1.1,1.8,3.8,22,,127,121,toppiob01
487,Juan Toscano-Anderson,SF,30,SAC,11,0,53,2.7,10.9,0.25,0.9,3.6,0.25,1.8,7.3,0.25,0,0,,3.6,9.1,12.7,3.6,0.9,0.9,1.8,10,6.4,,84,117,toscaju01
488,Karl-Anthony Towns,PF,28,MIN,59,59,1948,11.8,23.3,0.508,3.4,7.9,0.427,8.4,15.3,0.55,6.2,7.1,0.879,2.3,10.4,12.6,4.5,1.1,1,4.2,4.9,33.2,,116,108,townska01
489,Gary Trent Jr.,SG,25,TOR,56,26,1507,7.8,18.7,0.417,4.3,10.5,0.408,3.5,8.2,0.428,1.3,1.8,0.702,0.5,3.8,4.3,2.7,1.8,0.3,1.2,2.2,21.1,,109,120,trentga02
490,Oscar Tshiebwe,PF,24,IND,8,0,42,11.2,22.3,0.5,0,0,,11.2,22.3,0.5,6.7,8.9,0.75,8.9,8.9,17.9,2.2,2.2,1.1,0,3.4,29.1,,132,116,tshieos01
491,P.J. Tucker,PF,38,TOT,18,3,269,1.1,3.6,0.3,0.9,2.9,0.313,0.2,0.7,0.25,0.5,0.5,1,3.1,5.6,8.7,1.5,1.6,0.5,0.9,6.9,3.6,,119,116,tuckepj01
491,P.J. Tucker,PF,38,PHI,3,3,66,1.5,3.7,0.4,1.5,3.7,0.4,0,0,,0,0,,0.7,9.6,10.3,0,2.2,1.5,1.5,6.6,4.4,,88,112,tuckepj01
491,P.J. Tucker,PF,38,LAC,15,0,203,1,3.6,0.267,0.7,2.7,0.273,0.2,1,0.25,0.7,0.7,1,3.9,4.4,8.2,1.9,1.5,0.2,0.7,7,3.4,,127,118,tuckepj01
492,Myles Turner,C,27,IND,58,58,1585,10.7,20.4,0.523,2.3,7,0.335,8.3,13.4,0.621,5.8,7.4,0.788,2.8,9.4,12.3,2.2,1,3,2.6,5.4,29.5,,120,117,turnemy01
493,Hunter Tyson,PF,23,DEN,10,0,30,3.3,16.5,0.2,1.7,13.2,0.125,1.7,3.3,0.5,0,0,,1.7,11.6,13.2,1.7,0,0,3.3,9.9,8.3,,55,116,tysonhu01
494,Stanley Umude,SG,24,DET,17,0,190,6.3,13.1,0.481,4.3,7.8,0.548,2,5.3,0.381,5.5,6.1,0.917,1,6.8,7.8,2.3,1,1.3,2.8,7.1,22.4,,125,120,umudest01
495,Jonas Valančiūnas,C,31,NOP,61,61,1539,10.4,18.3,0.569,1,3,0.351,9.4,15.3,0.612,4.2,5.3,0.795,5.1,13.3,18.3,4.3,0.8,1.9,2.7,5.4,26,,127,110,valanjo01
496,Jarred Vanderbilt,PF,24,LAL,29,6,581,4.8,9.3,0.518,0.7,2.2,0.296,4.2,7.1,0.586,2,3,0.667,3.4,8,11.3,3,3,0.4,2.3,3.5,12.3,,113,113,vandeja01
497,Fred VanVleet,PG,29,HOU,53,53,1949,7.2,17.7,0.408,3.9,10.3,0.374,3.3,7.4,0.455,3.4,4,0.856,0.5,4.4,4.9,10.4,1.5,1.2,2.3,3.1,21.7,,121,114,vanvlfr01
498,Devin Vassell,SG,23,SAS,56,50,1798,10.5,22.5,0.468,3.7,9.8,0.374,6.9,12.7,0.541,3.6,4.5,0.791,0.7,5,5.7,5.7,1.6,0.5,2.2,1.5,28.3,,114,120,vassede01
499,Sasha Vezenkov,PF,28,SAC,35,0,440,8.1,18.1,0.448,4.2,10.9,0.38,3.9,7.1,0.554,1.1,1.4,0.769,3.3,6.1,9.4,1.6,1.8,0.8,1.2,3.8,21.4,,117,117,vezenal01
500,Gabe Vincent,PG,27,LAL,5,0,127,4.5,12,0.375,0.7,6.4,0.118,3.7,5.6,0.667,0.4,0.7,0.5,0.7,1.1,1.9,5.6,2.2,0,0.7,4.5,10.1,,100,119,vincega01
501,Nikola Vučević,C,33,CHI,55,53,1902,11.1,23.4,0.474,1.7,6.1,0.273,9.4,17.3,0.544,2,2.4,0.835,4.1,11.3,15.4,4.9,1,1.2,2.3,3.8,25.8,,112,114,vucevni01
502,Dean Wade,PF,27,CLE,51,30,1024,4.1,10.1,0.403,3.5,8.9,0.389,0.6,1.2,0.5,0.8,1,0.81,1.6,8.1,9.7,1.9,1.8,1.2,1,4.3,12.4,,119,110,wadede01
503,Franz Wagner,SF,22,ORL,53,53,1752,11.4,23.6,0.482,2.2,7.3,0.307,9.1,16.2,0.561,5.6,6.5,0.85,1.5,6.8,8.3,6,1.5,0.6,3.1,3.5,30.5,,116,113,wagnefr01
504,Moritz Wagner,C,26,ORL,59,1,1087,11.4,19.2,0.592,1.2,3.8,0.318,10.1,15.4,0.661,6.1,7.6,0.804,4.3,8,12.3,3.2,1.4,0.8,3.2,5.7,30.1,,127,112,wagnemo01
505,Ish Wainright,SF,29,POR,7,0,46,6.4,19.2,0.333,6.4,17.1,0.375,0,2.1,0,2.1,2.1,1,0,9.6,9.6,0,2.1,1.1,1.1,4.3,21.4,,105,114,wainris01
506,Jabari Walker,SF,21,POR,55,14,1213,7,14.8,0.473,1.1,4.2,0.272,5.9,10.7,0.551,3.9,5,0.766,4.6,9.8,14.4,1.9,1.4,0.9,2.1,4.9,19,,115,116,walkeja01
507,Jarace Walker,PF,20,IND,20,0,207,6.8,17.2,0.395,3.2,8.4,0.378,3.6,8.8,0.41,1.4,1.6,0.857,1.8,6.8,8.6,6.1,2.7,2,2.7,4.3,18.1,,106,115,walkeja02
508,Lonnie Walker IV,SG,25,BRK,40,0,716,10.8,24.4,0.445,5.6,13.4,0.421,5.2,11,0.475,2.6,3.4,0.776,0.6,5.2,5.8,3.9,1.9,0.7,2.7,3.6,29.9,,110,117,walkelo01
509,Cason Wallace,SG,20,OKC,60,9,1227,6.1,12,0.507,2.7,6.6,0.417,3.3,5.4,0.616,0.9,1.1,0.793,1.4,3.8,5.3,3.2,1.8,1,1,3.8,15.8,,127,115,wallaca01
510,Jordan Walsh,SF,19,BOS,4,0,33,1.5,7.4,0.2,0,4.5,0,1.5,3,0.5,0,0,,3,13.4,16.3,3,3,1.5,3,7.4,3,,66,103,walshjo01
511,P.J. Washington,PF,25,TOT,53,25,1573,8.3,18.7,0.444,2.9,9.1,0.316,5.4,9.6,0.565,2.4,3.4,0.706,2,6.7,8.7,3.4,1.4,1.2,2.5,4.1,21.8,,106,119,washipj01
511,P.J. Washington,PF,25,CHO,44,17,1286,8.7,19.4,0.446,3,9.3,0.324,5.6,10.1,0.558,2.6,3.6,0.713,2,6.8,8.8,3.7,1.4,1.2,2.5,4.3,22.9,,106,119,washipj01
511,P.J. Washington,PF,25,DAL,9,8,287,6.7,15.5,0.43,2.3,8.3,0.28,4.3,7.2,0.605,1.7,2.5,0.667,1.7,6.2,7.8,2,1.3,1.2,2.3,3.3,17.3,,100,118,washipj01
512,TyTy Washington Jr.,PG,22,MIL,5,0,21,2.3,15.9,0.143,2.3,6.8,0.333,0,9.1,0,0,0,,0,2.3,2.3,2.3,4.5,0,4.5,0,6.8,,42,113,washity02
513,Yuta Watanabe,SF,29,TOT,34,0,464,4.3,12.1,0.353,2.6,8.9,0.294,1.7,3.2,0.516,1,1.8,0.588,1.2,4.5,5.7,1.6,1.3,0.7,2,4.1,12.2,,92,118,watanyu01
513,Yuta Watanabe,SF,29,PHO,29,0,382,4.4,12.3,0.361,3,9.5,0.32,1.4,2.8,0.5,1.3,1.9,0.667,1.4,4.3,5.7,1.3,1.1,0.9,2,4.3,13.2,,97,118,watanyu01
513,Yuta Watanabe,SF,29,MEM,5,0,82,3.6,11.3,0.316,0.6,5.9,0.1,3,5.3,0.556,0,1.2,0,0,5.3,5.3,3,1.8,0,1.8,3,7.7,,69,116,watanyu01
514,Lindy Waters III,SG,26,OKC,25,0,171,6.5,14.6,0.442,5.9,13.5,0.438,0.6,1.1,0.5,0,0,,0.3,6.2,6.5,3.7,0.3,1.1,1.4,4.8,18.8,,122,116,waterli01
515,Trendon Watford,PF,23,BRK,43,0,499,9.7,17.8,0.541,1.4,3.7,0.368,8.3,14.1,0.587,4.1,4.6,0.894,3.4,7.5,10.9,5.4,1.5,1,3.1,6.8,24.8,,122,116,watfotr01
516,Peyton Watson,SF,21,DEN,59,4,1071,7,15,0.471,1.9,5.5,0.336,5.2,9.4,0.549,2.5,3.7,0.679,1.8,6,7.8,2.7,1.5,2.6,2.1,4.7,18.5,,109,113,watsope01
517,Victor Wembanyama,C,20,SAS,55,55,1579,12.5,26.7,0.47,2.8,8.3,0.333,9.8,18.4,0.532,6.6,8.1,0.815,3.6,13.3,16.9,5.7,2.2,5.6,5.6,3.6,34.4,,105,107,wembavi01
518,Blake Wesley,SG,20,SAS,40,1,524,5.7,11.3,0.504,0.4,2.6,0.138,5.3,8.7,0.615,2.7,4.3,0.625,1,3.3,4.3,9.1,1.8,0.4,2.9,5.3,14.4,,112,120,weslebl01
519,Russell Westbrook,PG,35,LAC,58,10,1313,9.6,21.3,0.452,1.4,5.2,0.268,8.2,16.1,0.51,3.4,5,0.677,3,8,11,9.6,2.4,0.8,4.4,3.9,24,,107,113,westbru01
520,Coby White,PG,23,CHI,60,60,2198,9.3,20.7,0.449,3.8,9.9,0.383,5.5,10.8,0.508,3.9,4.7,0.835,0.8,5.7,6.5,7.2,1,0.3,3,3.2,26.3,,115,119,whiteco01
521,Derrick White,SG,29,BOS,56,56,1793,8.3,17.5,0.471,4.1,10.1,0.407,4.1,7.4,0.559,3.1,3.4,0.897,1,5.1,6,7.5,1.6,1.8,2.4,3.1,23.7,,127,112,whitede01
522,Cam Whitmore,SF,19,HOU,34,1,590,12,25.8,0.463,4.4,12.1,0.365,7.5,13.7,0.551,4.5,6.7,0.671,2,8.2,10.2,1.3,1.7,0.8,2.8,3.8,32.9,,108,112,whitmca01
523,Aaron Wiggins,SG,25,OKC,57,0,825,8,13.9,0.573,2.6,5.1,0.5,5.4,8.8,0.616,2,2.6,0.773,2.4,5.4,7.8,2.9,1.9,0.5,2,3.8,20.5,,127,114,wiggiaa01
524,Andrew Wiggins,SF,28,GSW,51,40,1388,8.6,19,0.455,2,5.8,0.351,6.6,13.1,0.501,3.2,4.4,0.727,2.7,4.8,7.6,3.1,1,0.9,2.2,3.9,22.5,,111,118,wiggian01
525,Lindell Wigginton,PG,25,MIL,3,0,8,11.9,29.8,0.4,0,11.9,0,11.9,17.9,0.667,11.9,11.9,1,0,0,0,0,0,0,6,6,35.7,,89,124,wiggili01
526,Alondes Williams,SG,24,MIA,2,0,9,0,16.5,0,0,11,0,0,5.5,0,0,0,,0,5.5,5.5,0,0,0,5.5,0,0,,0,119,willial06
527,Brandon Williams,PG,24,DAL,12,0,59,6.5,17.8,0.364,1.6,4.9,0.333,4.9,13,0.375,4.9,8.9,0.545,2.4,3.2,5.7,9.7,0.8,0.8,2.4,1.6,19.5,,107,121,willibr03
528,Grant Williams,PF,25,TOT,57,34,1535,5.6,13,0.434,3,8.1,0.375,2.6,4.9,0.532,2.1,2.8,0.761,2,5.1,7.1,3.2,0.9,1,2.3,5.2,16.4,,112,120,willigr01
528,Grant Williams,PF,25,DAL,47,33,1242,5,12.2,0.413,3,8.1,0.376,2,4.1,0.486,1.6,2.1,0.745,1.8,4.7,6.5,3.1,0.9,1,2,5.3,14.7,,110,120,willigr01
528,Grant Williams,PF,25,CHO,10,1,293,8.2,16.4,0.5,3,8.2,0.367,5.2,8.2,0.633,4.3,5.5,0.788,2.8,6.9,9.7,3.7,0.8,0.8,3.2,4.7,23.8,,117,121,willigr01
529,Jalen Williams,PF,22,OKC,54,54,1731,11.4,21,0.544,2.2,5,0.445,9.2,16,0.575,3.9,4.8,0.808,0.8,5.3,6.1,6.9,1.6,0.8,2.6,4,29,,123,115,willija06
530,Jaylin Williams,C,21,OKC,50,0,628,5,12.6,0.394,2.9,8,0.362,2.1,4.6,0.45,1.8,2.1,0.821,2.1,10.2,12.3,5.1,1.5,1.4,1.5,5.4,14.6,,117,110,willija07
531,Jeenathan Williams,SG,24,HOU,11,0,76,8.9,19.1,0.467,0.6,1.9,0.333,8.3,17.2,0.481,2.5,4.5,0.571,5.1,1.3,6.4,3.8,1.3,0,1.3,5.7,21,,113,118,willije02
532,Kenrich Williams,PF,29,OKC,49,1,708,5.6,12.3,0.459,2.6,6.6,0.398,3,5.6,0.53,0.2,0.7,0.3,2.4,6.9,9.3,4.1,1.7,0.4,1.2,4.5,14.1,,120,113,willike04
533,Mark Williams,C,22,CHO,19,19,508,9.5,14.6,0.649,0,0,,9.5,14.6,0.649,4.4,6.2,0.719,7.3,10.4,17.8,2.1,1.5,1.9,1.6,4.8,23.3,,138,116,willima07
534,Patrick Williams,PF,22,CHI,43,30,1174,6.8,15.2,0.443,2.5,6.3,0.399,4.2,9,0.474,2.2,2.8,0.788,2,5.1,7,2.8,1.7,1.4,2.4,3.7,18.2,,107,116,willipa01
535,Robert Williams,C,26,POR,6,0,119,7,10.7,0.654,0,0,,7,10.7,0.654,2.9,3.7,0.778,4.5,11.2,15.7,2.1,2.9,2.9,2.9,7,16.9,,123,109,williro04
536,Vince Williams Jr.,SG,23,MEM,49,30,1329,5.7,12.9,0.442,2.7,7.2,0.371,3,5.6,0.532,3.5,4.4,0.793,2.1,7.9,10,5.6,1.6,1.2,3,4.6,17.6,,114,113,willivi01
537,Ziaire Williams,SF,22,MEM,51,15,1038,7,17.7,0.397,2.7,8.9,0.307,4.3,8.9,0.487,2.9,3.5,0.827,1.6,6.8,8.5,3.5,1.7,0.4,3.1,4,19.7,,98,115,willizi02
538,Zion Williamson,PF,23,NOP,50,50,1530,13.9,24.2,0.575,0.2,0.4,0.385,13.7,23.8,0.578,7.3,10.6,0.685,2.8,5.9,8.7,8.1,1.4,0.8,4.1,3.7,35.2,,120,115,willizi01
539,Jalen Wilson,PF,23,BRK,22,1,310,5.9,12.7,0.463,2.2,5.1,0.438,3.6,7.6,0.479,3,3.3,0.905,3.5,5.1,8.6,4,1,0.2,0.8,4,17,,134,120,wilsoja03
540,Dylan Windler,SF,27,TOT,11,0,35,6.9,15.1,0.455,6.9,13.7,0.5,0,1.4,0,0,0,,0,5.5,5.5,9.6,0,0,0,4.1,20.6,,153,121,windldy01
540,Dylan Windler,SF,27,NYK,3,0,7,7.1,14.3,0.5,7.1,14.3,0.5,0,0,,0,0,,0,7.1,7.1,7.1,0,0,0,7.1,21.4,,168,119,windldy01
540,Dylan Windler,SF,27,LAL,8,0,28,6.8,15.3,0.444,6.8,13.6,0.5,0,1.7,0,0,0,,0,5.1,5.1,10.2,0,0,0,3.4,20.4,,150,122,windldy01
541,James Wiseman,C,22,DET,41,0,588,8.5,12.9,0.658,0,0.2,0,8.5,12.7,0.667,2.5,4.2,0.608,5,8.8,13.8,2.2,0.6,2,2.7,7.1,19.5,,122,119,wisemja01
542,Christian Wood,PF,28,LAL,50,1,872,6.7,14.4,0.466,1.9,6.2,0.307,4.8,8.2,0.587,3.6,5.1,0.702,2.1,11.7,13.9,2.7,0.9,1.8,2.7,3.9,18.9,,106,114,woodch01
543,Delon Wright,PG,31,TOT,36,1,512,4.8,12,0.397,1.5,3.8,0.381,3.3,8.1,0.404,2.7,3.2,0.829,1.3,4.5,5.8,8.3,3.5,0.8,1,2.1,13.6,,121,117,wrighde01
543,Delon Wright,PG,31,WAS,33,0,456,4.9,12.4,0.393,1.4,3.9,0.368,3.5,8.6,0.405,2.4,3,0.828,1.3,4.7,6,8.4,3.6,0.8,1.1,2.2,13.7,,118,117,wrighde01
543,Delon Wright,PG,31,MIA,3,1,56,3.5,8,0.444,1.8,3.5,0.5,1.8,4.4,0.4,4.4,5.3,0.833,0.9,2.7,3.5,8,2.7,0.9,0,0.9,13.3,,157,113,wrighde01
544,Thaddeus Young,PF,35,TOT,25,6,379,7.3,11.9,0.613,0.1,0.8,0.167,7.1,11.1,0.644,0.6,1.8,0.357,4.6,6.3,10.8,6.4,2.4,0.4,1.5,5.4,15.3,,131,116,youngth01
544,Thaddeus Young,PF,35,TOR,23,6,350,7.5,12,0.621,0.1,0.8,0.167,7.3,11.2,0.654,0.7,1.7,0.417,4,6.4,10.4,6.9,2.5,0.4,1.5,5.2,15.7,,133,116,youngth01
544,Thaddeus Young,PF,35,PHO,2,0,29,5,10,0.5,0,0,,5,10,0.5,0,3.3,0,11.7,5,16.7,0,1.7,0,1.7,6.7,10,,115,117,youngth01
545,Trae Young,PG,25,ATL,51,51,1862,10.7,25,0.426,4.3,11.6,0.371,6.3,13.4,0.473,8.6,10.1,0.856,0.6,3,3.6,14.1,1.8,0.3,5.6,2.7,34.2,,118,123,youngtr01
546,Omer Yurtseven,C,25,UTA,32,6,289,7.3,14.6,0.5,0.7,2.7,0.25,6.6,12,0.556,1.3,2.5,0.533,6.5,12.6,19.1,2.2,0.7,1.8,4,6,16.6,,102,117,yurtsom01
547,Cody Zeller,C,31,NOP,38,0,297,3.8,9.2,0.411,0.2,0.5,0.333,3.6,8.7,0.415,3.4,5.7,0.6,6.7,9.8,16.6,5.7,1.3,0.7,2.5,6.7,11.1,,117,113,zelleco01
548,Ivica Zubac,C,26,LAC,47,47,1247,9.3,14.2,0.654,0,0,,9.3,14.2,0.654,3.1,4.7,0.667,5.5,11.7,17.2,2.4,0.4,2.3,2.2,5.1,21.7,,132,113,zubaciv01
