,PLAYER,TEAM,AGE,GP,W,L,MIN,USG%,%FGM,%FGA,%3PM,%3PA,%FTM,%FTA,%OREB,%DREB,%REB,%AST,%TOV,%STL,%BLK,%BLKA,%PF,%PFD,%PTS,
1,Lindell Wigginton,MIL,25,3,3,0,8,41.2,50,45.5,0,40,100,100,0,0,0,0,50,0,0,0,50,100,54.5,
2,Joel Embiid,PHI,29,34,26,8,1157,38.6,39.4,35.9,15,14.9,57.9,56,38.2,35.5,36.1,29.2,45.2,19.8,43.8,36.6,21.9,51.9,41,
3,Luka Doncic,DAL,25,53,31,22,1985,35.4,34.2,33.9,32.2,32,51.1,49.3,10.8,32.1,27.3,50.2,41.4,27.9,15.1,24.2,14.8,42.4,36.5,
4,Giannis Antetokounmpo,MIL,29,59,39,20,2060,32,35.6,29,5,6.3,48.1,54.5,37.2,34.2,34.8,31.7,37.2,24.6,27,41.3,20.5,54.5,34.2,
5,Shai Gilgeous-Alexander,OKC,25,59,42,17,2037,31.8,33.8,31,13.1,13.6,54.3,52.6,14,20.1,18.8,34.1,26.2,34.7,18.1,27.2,18.1,46.4,34.8,
6,Anthony Edwards,MIN,22,58,40,18,2022,31.6,29.9,32.1,27.5,29.3,41,38.5,8.1,18.3,16.2,26.5,30.1,23.4,11.4,24.7,13.7,29.8,31.4,
7,LaMelo Ball,CHA,22,22,7,15,711,31.5,29.1,31.3,40.9,39,33,30,16.5,17.9,17.5,47.2,41.5,33.3,6.8,20.3,24.5,30,30.9,
8,Victor Wembanyama,SAS,20,55,13,42,1579,30.9,30.1,30.1,22.3,23.1,43.9,42.9,36.2,39.4,38.6,18.3,35.7,28.1,69.9,14.8,23.1,45,31.1,
9,Donovan Mitchell,CLE,27,47,32,15,1679,30.7,29.9,30.8,34.1,32.9,41.6,38.4,11.4,17.5,16.1,30.8,30.4,29.5,13.3,25.6,17.3,31.4,32.1,
10,Stephen Curry,GSW,35,57,32,25,1877,30.5,29.5,31.6,45.7,44,37.1,32.3,6.3,16.4,13.8,24.7,29.4,18.4,13.4,21.3,12.6,29.2,32.7,
11,De'Aaron Fox,SAC,26,51,30,21,1818,30.2,29.3,30.3,25.6,26.2,37.5,38.6,12.3,13.6,13.3,27.4,28.4,34.4,14.1,26.2,18,34.3,29.9,
12,Jaren Jackson Jr.,MEM,24,54,18,36,1723,29.9,30.5,29.8,21.1,22.2,45.1,42.9,19.7,20.3,20.2,13.3,25.3,20.2,36.7,40.1,27.1,43.4,31.7,
13,Kyle Kuzma,WAS,28,58,9,49,1850,29.8,29.6,30.6,29.9,30.5,26.1,25.6,17.7,26.8,24.9,20.7,31.1,10.2,19.2,19.4,16.6,23.6,29.2,
14,Ja Morant,MEM,24,9,6,3,318,29.6,29.6,29.8,16.1,20.4,42.6,40,10.3,20.3,18.2,42.9,27.6,15.2,11.1,44.4,15.1,33.3,30.2,
15,Jalen Brunson,NYK,27,57,35,22,2019,29.5,30.7,30.5,26.9,25,37.1,34.4,5.7,13,10.9,36.7,26,17.3,7,22.8,15.3,38.5,31.3,
16,Jayson Tatum,BOS,26,57,46,11,2036,29.4,28.2,29.1,25.4,26.6,43.6,43.3,11.6,28.2,24.8,24.7,28.2,20.4,12.4,34.8,16.6,34.5,30,
17,Cam Thomas,BKN,22,48,17,31,1431,29.3,28.9,30.5,25.7,25.4,40.1,36.5,5.6,12.7,10.9,16.1,22.5,17.6,7.6,40.1,16.9,33.5,30.1,
18,Devin Booker,PHX,27,50,31,19,1788,29.3,29.4,29.9,23.4,24.2,40,36.7,9.7,15.4,14.1,33.4,25.6,18.1,9.3,28.2,22.1,34.4,30.6,
19,Paolo Banchero,ORL,21,59,34,25,2053,29.3,27.6,28.5,19,19.1,36.9,39,14.3,25.2,22.5,29.2,28.7,16.6,13.8,33.7,13.4,31.8,28.4,
20,Trae Young,ATL,25,51,22,29,1862,29.2,24.7,27.1,31.2,30.1,42.5,40,4.3,9.6,8.1,53.3,42.3,23.3,5.9,25.6,14.5,39.6,28.4,
21,Cade Cunningham,DET,22,50,5,45,1689,28.9,27.9,29.2,25.7,25.7,33.6,30.1,5.4,16.1,13.3,40.3,30.7,20.4,11,29.6,16.5,25.7,28.5,
22,Nikola Jokic,DEN,29,59,41,18,2005,28.9,31.3,27.8,12.3,13.8,38.2,36.6,38.1,38.8,38.7,41.1,33.8,24,27.6,25.3,22.3,40.4,30.4,
23,Julius Randle,NYK,29,46,29,17,1630,28.7,27.3,27.6,16.2,20.1,35.6,35.7,23.3,28.6,27.2,27.5,33.7,9.9,9,36.6,20.6,30.9,27.4,
24,LeBron James,LAL,39,54,29,25,1895,28.6,29.7,28.4,26.9,24.6,29.7,31.7,14.1,24.7,22.7,37.3,33.1,22.8,14.5,24.6,10.8,28.1,29.4,
25,Kevon Harris,ORL,26,2,1,1,6,28.6,28.6,30,0,0,0,0,0,40,40,20,100,0,0,0,75,0,20,
26,Luka Garza,MIN,25,14,11,3,40,28.4,30.6,30.5,33.3,25.7,44.4,48,46.2,16.1,25,10.5,16.7,0,0,50,50,61.1,33.3,
27,Kevin Durant,PHX,35,54,30,24,2007,28.4,29.7,28.5,22.8,21.5,35.1,33.4,7.5,23.2,19.7,25.6,28.4,15.2,29.7,16.8,13.4,34.1,29.9,
28,Justin Champagnie,WAS,22,3,0,3,16,28.2,31.3,31.3,33.3,41.7,0,0,0,10,8.3,10,25,50,100,50,0,0,28.2,
29,Anfernee Simons,POR,24,36,9,27,1222,27.9,28.1,29,38.3,35.9,31,27.1,5.8,15,12.3,32.6,27.2,8.3,4.5,29.2,15.5,23.9,29.7,
30,Kyrie Irving,DAL,31,39,23,16,1336,27.9,30.3,30.1,26.9,24.7,27.6,23.9,10.2,18.6,16.6,27,20.6,25.8,12.9,22,14.1,21.5,29.5,
31,Dexter Dennis,DAL,25,4,1,3,30,27.8,47.6,34.5,33.3,40,5,10.7,16.7,32,29,30.8,27.3,0,25,0,11.1,16.7,33.8,
32,Zion Williamson,NOP,23,50,29,21,1530,27.8,31,26.6,1.3,1.3,42.8,46,25.1,17.5,19.4,29.1,29.7,15.9,15.7,47,19,41.4,29.7,
33,Jaylen Brown,BOS,27,55,43,12,1826,27.6,28.6,28.4,18.7,20.8,24.1,26.7,16.6,17.5,17.4,20.2,27.6,24.4,11.2,40,23.1,25.8,26.7,
34,Desmond Bane,MEM,25,37,14,23,1277,27.6,30.8,29.1,34.6,30.7,29.7,26.4,11.9,15.3,14.4,30.1,25,19.7,12.5,26.6,19.5,22.2,31.1,
35,Brandon Ingram,NOP,26,55,32,23,1832,27.5,26.8,27.3,17.8,18.7,34.7,32.9,9.7,18.6,16.5,30.2,28.5,15,18.1,22.3,17.1,31.5,27.1,
36,Damian Lillard,MIL,33,56,40,16,1949,27.4,22.7,26.8,27.6,30.1,44,37.2,8,14.7,13.3,35.4,28.3,21.2,4.9,38.5,13.5,32.7,26.9,
37,Tyrese Maxey,PHI,23,55,35,20,2056,27,26.9,28.6,32.7,32.2,30.4,29.8,6.8,12.9,11.4,31.6,19.8,16.3,10.4,29.4,13.7,28.2,28.1,
38,Karl-Anthony Towns,MIN,28,59,40,19,1948,26.9,27.4,27,26.1,24.7,33.4,30.2,25.4,29.6,28.8,16.2,29.1,15.5,17.7,34.9,25.4,30.8,28.2,
39,Tyler Herro,MIA,24,36,19,17,1209,26.9,27.7,29.4,35.2,34.2,16,15.5,7.2,20.8,17.6,23.4,23.3,15.4,3.4,33.1,12.2,15.1,26.9,
40,Alperen Sengun,HOU,21,59,26,33,1905,26.8,29.3,25.4,6.4,7.9,33.1,36.1,40.1,27.5,30.5,27.9,32,23.2,28.6,27.5,25.4,39.6,27.4,
41,Jalen Green,HOU,22,60,26,34,1834,26.8,24,26.9,28,30.4,30.8,29.7,6.8,20.5,17.4,21,28,18,13.2,35.2,9.9,26.1,25.5,
42,Jamal Murray,DEN,27,45,33,12,1410,26.6,26.5,28.1,31.4,28.9,26.8,24.8,8.6,15,13.4,34,25.1,17.8,16.7,26.4,16.6,22.7,27,
43,Collin Sexton,UTA,25,61,27,34,1521,26.6,26.8,26.2,22,20.5,40.1,39,12.1,9.9,10.5,30.4,25.2,20.2,7.5,37.1,19.3,36.8,28.5,
44,Paul George,LAC,33,54,36,18,1823,26.3,25.2,28,33.5,35.4,25,22.7,7.8,20.6,17.8,18.9,23.2,27.4,10.9,22.6,21.8,21.1,26.1,
45,Anthony Davis,LAL,30,58,32,26,2078,26,29.1,25.9,4,5.5,38.9,38.3,50.6,36.3,39,16.5,20.8,19.6,54.6,32.1,20.8,37.2,28.3,
46,Kawhi Leonard,LAC,32,54,36,18,1857,26,29.3,27.7,25.1,22.2,28.8,26.7,17.5,20.7,20,19.4,18.7,28,23.2,14.4,12,31.4,28.8,
47,Joshua Primo,LAC,21,2,2,0,10,25.9,11.1,17.6,0,12.5,0,0,50,0,9.1,0,66.7,0,50,100,0,0,9.1,
48,Cam Whitmore,HOU,19,34,13,21,590,25.8,28.7,27.6,39.4,33.3,24.2,26.1,14.9,23.1,20.8,5.5,18.5,19.4,15.2,33.8,16.4,22.4,29.1,
49,Jerami Grant,POR,29,52,17,35,1754,25.7,26.1,26,27.1,24.4,39,38.8,9.4,13.9,12.7,17.8,20.3,15.6,19.4,27.5,15.7,30.6,28.3,
50,Bam Adebayo,MIA,26,50,29,21,1731,25.7,27.5,24.6,0.2,1.1,36.5,38.4,33.4,34.9,34.6,22.5,27,17.8,35.8,23.6,20,39.3,26.1,
51,Terry Rozier,MIA,29,43,13,30,1460,25.5,25.5,26.6,26.6,28.8,30.7,29.3,9.5,15.8,14.3,34.7,21.5,21.7,11.8,24.6,13.3,27.4,26.3,
52,Jordan Clarkson,UTA,31,50,21,29,1517,25.4,22.7,26,21.2,24.6,25.6,23.8,11.8,12.1,12,29.4,27.4,14.7,3.4,22.7,11.9,19.1,23,
53,Franz Wagner,ORL,22,53,32,21,1752,25.4,26.8,26.9,22.5,25.1,28.4,25.2,14.3,20.2,18.8,24.2,21.4,18.2,11.7,30.5,16.8,25.7,26.7,
54,Harry Giles III,LAL,25,16,6,10,81,25.3,26.8,26,21.4,19,21.9,30.2,30.8,26.9,28.6,11.8,23.1,12.5,37.5,10,37.5,30.3,25.7,
55,RJ Barrett,TOR,23,50,24,26,1569,25.2,25.6,25.1,20.8,21.1,30.8,32.9,12,21.1,18.8,18,24.1,10.7,11.9,39.5,17.2,28.2,25.8,
56,Mikal Bridges,BKN,27,60,24,36,2104,25.1,25,25.6,25.5,25.8,31.6,29,10.4,16.5,15,18.9,23.9,19.8,10.3,19.8,11,26.3,26,
57,Jordan Poole,WAS,24,58,9,49,1699,25.1,21.6,25.6,27.5,30.9,27.2,24.7,6.7,11.2,10.2,21.5,27.4,24.5,9.9,28.3,27.1,24.8,23,
58,Scoot Henderson,POR,20,43,14,29,1160,25.1,20.3,23.5,17,20.2,27.5,27.3,13.6,13.1,13.2,38.3,34.6,12.8,9.5,22.9,25.1,29.2,21.1,
59,Amari Bailey,CHA,20,3,0,3,15,25,14.3,25,0,23.1,33.3,33.3,66.7,0,14.3,25,33.3,0,0,0,0,20,13.9,
59,Dmytro Skapintsev,NYK,25,2,0,2,2,25,0,25,0,0,0,0,0,0,0,0,0,0,0,0,0,0,0,
59,Jason Preston,UTA,24,1,0,1,1,25,0,0,0,0,0,0,100,0,25,0,50,0,0,0,0,0,0,
59,Javon Freeman-Liberty,TOR,24,3,1,2,5,25,100,30,0,0,0,0,50,0,33.3,0,0,0,0,0,0,0,100,
59,Pete Nance,CLE,24,2,1,1,4,25,0,50,0,0,0,0,0,0,0,0,0,0,0,0,0,0,0,
64,Darius Garland,CLE,24,36,22,14,1183,24.9,23.1,24.6,25.2,25,26.2,23.8,7.1,8.5,8.2,32.3,32.1,25.7,3.3,22,11.5,22.3,23.8,
65,Dejounte Murray,ATL,27,57,24,33,1993,24.7,26.1,26,23.6,23.8,19.1,19,7.2,19.5,15.8,30.3,24,24.4,9.9,20.5,12.7,16.7,24.7,
66,Pascal Siakam,IND,29,60,25,35,2042,24.5,26.8,24.8,14.4,16,30.6,30.5,20.9,21.6,21.4,22,21.2,16.7,8.8,14.7,18.5,30.1,26.1,
67,Malik Monk,SAC,26,58,34,24,1503,24.5,23.7,25.1,29.5,28.5,23.2,21.1,6.1,14.3,12.3,35.1,28.9,17.6,27.1,29.6,17.8,20.2,24.3,
68,Daishen Nix,MIN,22,10,8,2,35,24.4,21.6,27.1,41.7,43.3,6.3,18.2,0,5.3,3.7,10,25,25,0,66.7,7.1,14.3,21.6,
69,Tyrese Haliburton,IND,24,49,27,22,1566,24.3,23.6,24.9,29,28.8,24.6,23.1,9,14.9,13.5,53.9,27.1,22.1,15.5,26.8,6.5,20.4,24.4,
70,Kristaps Porzingis,BOS,28,44,35,9,1303,24.3,24.3,23.4,20.6,21.5,41.8,40.3,29,22.7,23.9,11.7,21,15.9,39.2,13.3,28.3,43.6,26.5,
71,Bojan Bogdanovic,NYK,34,36,6,30,1118,24.2,24.4,25.4,39.7,34.8,24.9,24.3,6.7,14.3,12.4,13.9,21.4,21.7,5.5,27,15.8,22.6,26,
72,Jimmy Butler,MIA,34,41,22,19,1390,24.2,24.3,22.8,11.8,10.1,47.6,46.1,30.4,15.3,18.7,25.9,19.2,25.7,14.6,32.2,8.7,38.2,27.2,
73,Brandon Boston Jr.,LAC,22,19,12,7,129,24.1,25.2,26.2,25,21.7,30.8,27.5,17.1,11,13.2,8.8,17.9,12.5,14.3,28.6,34,22.5,26,
74,Miles Bridges,CHA,25,50,12,38,1869,24.1,26.2,25.8,25,24.8,23.5,22.1,13.6,27,23.9,16.6,19.5,20.2,15.1,25.6,13.3,19.6,25.7,
75,James Bouknight,CHA,23,14,0,14,81,24,27.3,28.7,44.8,44.1,5.6,7.4,8.3,18.6,16.4,17.6,8.3,10,16.7,13.3,9.7,11.5,27.9,
76,DeMar DeRozan,CHI,34,58,27,31,2193,24,24.3,24.1,10.3,11.1,45.5,42.4,7.4,14.2,12.5,28.3,15.6,19,15.4,25,15.1,33.9,26.2,
77,Scottie Barnes,TOR,22,60,22,38,2094,24,23.7,23.9,20,20.9,28.1,27.1,28.8,25.1,26.1,28.2,28.8,22.8,38.1,19.8,15.2,27.5,24,
78,Lonnie Walker IV,BKN,25,40,18,22,716,23.9,24.8,26.3,34.6,32.2,16.6,17.1,5.5,15.3,12.9,14.5,18.3,22.5,15.9,26.5,16.4,13.7,25.1,
79,Terquavion Smith,PHI,21,12,4,8,69,23.8,23.2,28.8,57.1,52.5,5.6,6.1,0,4.8,3.4,23.3,18.2,38.9,0,50,16,8.8,23.6,
80,Jaden Ivey,DET,22,56,9,47,1563,23.8,21.1,23,23.1,25.2,29.4,30.8,19.5,11.9,13.8,23.4,27.3,20.8,19.6,31.6,22.1,27.5,22.6,
81,Bones Hyland,LAC,23,21,13,8,281,23.8,19.4,25.8,29,33.8,10.4,9.4,4.6,7.4,6.7,34.1,25.3,20.4,7.4,30.6,21.3,17.4,19.1,
82,Zach LaVine,CHI,28,25,10,15,872,23.8,23,23.7,27.8,27.8,33.1,31.4,5.4,20.9,17.7,22.5,24.3,16.5,10.3,27,16.5,22.1,24.9,
83,Bradley Beal,PHX,30,32,19,13,1033,23.8,23.8,24.3,20.9,21.2,20.7,21.2,14.5,15.1,15,24.3,25.8,15.8,8.6,21.6,21,17.2,23.1,
84,Lauri Markkanen,UTA,26,51,22,29,1677,23.7,25.7,25.5,32.1,30.6,32.8,31,24.3,26.1,25.6,10,12.7,18.9,13.2,17,14.7,31.4,27.6,
85,Eugene Omoruyi,WAS,27,28,2,26,217,23.7,28.2,25.4,14.3,19.3,27.6,27.7,45.3,27.6,33,18.6,18.8,32.8,5.3,27.3,37.9,30.5,26.9,
86,Jalen Hood-Schifino,LAL,20,19,9,10,103,23.6,14.1,23.8,11.8,20.3,23.9,29.5,10.5,13,12.5,17.8,23.7,27.3,18.2,45.5,31,21.4,16.1,
87,Russell Westbrook,LAC,35,58,38,20,1313,23.6,21.7,23.4,10.9,15.9,16.6,19.9,27.9,23.7,24.7,36.1,33.4,28,15.6,26.8,17.8,19.2,19.7,
88,Cole Swider,MIA,24,11,4,7,55,23.5,20.9,24.5,35.7,39.6,14.3,10.5,7.1,7.1,7.1,13.8,30,12.5,50,0,13.3,5.6,21.9,
89,Jonathan Kuminga,GSW,21,59,31,28,1513,23.5,25.6,23.3,9.2,11.5,33.4,35.7,23.6,18.3,19.5,13.4,21.7,17.3,19.4,34.2,19.9,30.4,24.8,
90,Talen Horton-Tucker,UTA,23,38,10,28,756,23.4,21.7,24.4,19.7,22.1,23.2,23.5,9.4,15.3,13.6,35.4,22.5,31.6,12.9,18.7,22.2,20.4,21.7,
91,GG Jackson,MEM,19,28,7,21,575,23.4,25.1,25.3,31,29.1,24.1,25.3,23.3,18.5,19.7,6.8,15.5,13.2,22.5,25,15.9,20.7,25.7,
92,Nikola Vucevic,CHI,33,55,26,29,1902,23.3,26.1,25.6,13,17.2,12.6,12.4,40.8,33.5,35.2,18.5,18.1,14.2,25,22,19.7,15.5,22.7,
93,CJ McCollum,NOP,32,45,29,16,1421,23.3,23.5,25.4,39.9,36.5,16.4,15.8,8.4,17.2,15.1,24.5,18.1,20.3,22.1,17.4,17.2,15.3,24.3,
94,Myles Turner,IND,27,58,32,26,1585,23.3,23.3,22.6,17,19.5,35.6,36.3,32.1,29.8,30.3,7.1,21.4,14.4,50.2,18.2,28.1,34.6,24.2,
95,Ryan Rollins,MIL,21,10,1,9,66,23.2,19.1,20,16.7,9.7,40.6,40.5,15.4,20.9,19.6,29.7,31.8,36.4,20,25,25,43.8,22.8,
96,Cole Anthony,ORL,23,60,35,25,1375,23.1,21.5,23.5,22.2,22.4,26.1,24.1,16,21.6,20.1,27.5,24.8,21.9,16.8,16.7,23.7,22.2,22.4,
97,Devin Vassell,SAS,23,56,13,43,1798,23.1,25.6,25.3,30.2,28.3,23.2,23.1,6.7,15.1,13.2,19.3,14.8,20,8.3,17.6,8.9,19.1,25.8,
98,Jaden Hardy,DAL,21,54,30,24,801,23.1,23.3,26.1,28.7,29.2,13,13.7,8.7,16.6,14.6,20.6,16.9,14.8,5.6,29,17.5,17.3,22.4,
99,Alec Burks,NYK,32,52,10,42,1055,23,21.5,25.4,40,38.4,31.1,27.7,8.2,15.6,13.7,14.9,12.5,17.6,10.9,11.4,16.2,26,25.3,
100,Khris Middleton,MIL,32,43,27,16,1129,23,22.5,23.4,22.7,22.7,17.5,15.9,11,18.8,17.1,32,30.4,25.7,9.8,15.2,22.4,18.4,21.8,
101,Caris LeVert,CLE,29,48,30,18,1329,22.9,21,24,19.9,22.3,22.2,22.4,9.1,17.4,15.4,29.9,19.9,23.3,14.8,25.4,15.9,18.6,21.1,
102,Brandon Miller,CHA,21,54,13,41,1725,22.9,23,24.3,29.8,28.3,18.7,17.8,12.8,15.6,15,14,19.4,20.3,17.2,18.6,20.4,22.3,23.2,
103,Immanuel Quickley,TOR,24,56,26,30,1575,22.7,22,24.2,36,32.4,25.3,22.5,3.6,16.4,13.3,26.6,17,15.3,5.3,19.3,15.3,21.4,23.9,
104,Jalen Williams,OKC,22,54,37,17,1731,22.6,24.8,23.3,18,16.2,22.8,23.1,10,16.1,14.9,24.9,21.2,19.1,11,21.5,20.5,21.4,23.8,
105,Malcolm Brogdon,POR,31,39,15,24,1121,22.6,23.4,24.2,29.3,26.8,21.8,22,10.5,16.7,15,40.2,18.1,15.7,7,20.7,12.6,21.6,23.8,
106,Klay Thompson,GSW,34,57,29,28,1705,22.6,22.4,25.1,34.1,34.7,16.3,14,6.7,14.6,12.6,12,17.1,15.2,19.4,11.4,14.7,10.8,23.1,
107,Tim Hardaway Jr.,DAL,31,58,33,25,1686,22.6,21.8,25.4,32.6,33.6,18.6,16.7,5.5,17.1,14.4,11.1,13.4,13.1,3.7,17.4,13.4,17.7,22.7,
108,Marcus Smart,MEM,29,20,7,13,605,22.5,20,21.1,22.8,26.1,21.9,22.2,5.5,10.5,9.5,27.2,33.7,37.6,6.5,6.8,18.9,25.7,20.7,
109,Ricky Council IV,PHI,22,19,8,11,180,22.5,24,22.3,9.8,14.2,53.2,49.5,30,21.5,23.6,7.7,6.3,7.4,0,18.5,11.8,36.3,27.9,
110,Bennedict Mathurin,IND,21,58,32,26,1513,22.4,20.6,22.5,20.7,20,31.4,30.4,17.8,18.1,18.1,13.4,21.5,14.1,8.4,36.3,16.3,26.4,22.3,
111,Coby White,CHI,24,60,28,32,2198,22.4,21.5,22.7,30.4,29.3,23,22.2,7,16.8,14.4,27.8,23.6,13.6,6.8,22.4,16.6,28.7,22.7,
112,D'Angelo Russell,LAL,28,57,33,24,1807,22.3,21.7,23.4,33.6,31,17.9,17.3,6.8,11.3,10.5,32.2,23.3,15.8,12.1,13.6,19.7,18.1,22.4,
113,Kaiser Gates,NOP,27,1,0,1,7,22.2,0,28.6,0,33.3,0,0,0,20,14.3,0,0,0,0,33.3,0,0,0,
113,Keon Johnson,BKN,21,4,0,4,51,22.2,16.3,19.8,33.3,28.1,34.5,29.4,15.8,9.5,12.5,10,36.4,60,100,12.5,23.5,31.8,22,
113,Mamadi Diakite,SAS,27,3,2,1,16,22.2,33.3,18.5,0,0,66.7,66.7,33.3,16.7,20,28.6,0,0,50,0,20,37.5,36.4,
113,Markquis Nowell,TOR,24,1,0,1,4,22.2,0,16.7,0,0,50,50,100,0,40,100,0,50,0,50,0,50,22.2,
117,Derrick Rose,MEM,35,24,6,18,399,22.2,23.2,22.7,16.5,14.7,18.5,15.3,9.9,13.3,12.6,35.8,27.7,13.1,4.3,27.3,13.4,19.4,21.8,
118,Shaedon Sharpe,POR,20,32,8,24,1059,22,20.6,22,24.5,24.3,27.1,26.3,16.3,18.6,17.9,19.4,22.8,15.9,12.4,23.2,19.1,27.3,22,
119,Bogdan Bogdanovic,ATL,31,58,25,33,1699,22,22.3,24.6,35,35.1,14.5,13,8,13.9,12.3,17.5,16,26.4,11.6,19.1,21.8,12.5,22.6,
120,Lamar Stevens,MEM,26,27,17,10,284,21.9,27.3,23.6,11.3,7.7,17.9,19.2,31.8,23.9,25.8,10.8,20,21.6,34.2,32.1,28.3,17.1,23.9,
121,Josh Giddey,OKC,21,59,42,17,1447,21.8,19.3,21.8,13.9,17.5,13.5,13.7,29.9,27.8,28.2,29.6,31.3,18.6,14.7,32.4,13.4,11.8,17.9,
122,Moritz Wagner,ORL,26,59,34,25,1087,21.8,27.1,22,11.4,12.3,28.6,27.4,37.8,25.8,29,12.1,21.8,16.8,16.5,28.6,25.8,30.3,25.9,
123,Keldon Johnson,SAS,24,57,13,44,1683,21.7,22.2,22.7,23.6,23.6,24.9,24.8,21.2,19.8,20.2,16.6,17.4,18.5,9.2,30.2,19.4,22.3,22.8,
124,Zach Collins,SAS,26,49,10,39,1139,21.7,22.1,20.9,15.5,17.7,24.1,24.8,33.9,22.1,24.9,22.5,26.3,16.3,32,22.8,32.9,26.8,21.6,
125,Domantas Sabonis,SAC,27,59,34,25,2111,21.7,24.5,19.5,4.4,3.9,30.8,32.7,45.3,41,42,38.2,33.1,14.9,22,29.8,21.6,33.2,22.8,
126,Jett Howard,ORL,20,13,6,7,49,21.5,22.2,27.2,33.3,36.2,9.1,13.8,11.1,10.3,10.4,11.1,9.5,0,25,0,15.8,10,21.1,
127,Bobby Portis,MIL,29,61,40,21,1458,21.5,23.8,23.6,16.8,16.5,15,14.9,33.6,32.9,33,8.9,16,21.1,17,16.1,22.3,14.4,21.7,
128,Adam Flagler,OKC,24,1,1,0,6,21.4,0,33.3,0,50,0,0,0,0,0,33.3,0,0,0,0,0,0,0,
129,Keyonte George,UTA,20,55,23,32,1415,21.3,18.4,21.4,29.6,28.9,21.5,21.2,4,14.1,11.5,31.1,24.1,15.4,2.7,21.4,11.6,22.5,20.2,
130,Naz Reid,MIN,24,61,42,19,1403,21.1,23.8,23.4,30.7,28.9,14,14.2,21.1,23.2,22.7,8.9,17.8,17,23.9,27.4,21.8,13.7,22.9,
131,Alex Fudge,LAL,20,4,1,3,14,21.1,20,30,0,18.2,22.2,16.7,66.7,0,20,0,12.5,0,0,100,16.7,16.7,20,
132,Kenneth Lofton Jr.,PHI,21,17,5,12,108,21,17.6,20.8,7.7,11.1,22.2,30,8.3,23.9,19.8,23,25,18.8,16.7,38.9,30.6,23.9,16.7,
133,Luka Samanic,UTA,24,29,12,17,166,21,19.7,22.6,18.4,22.5,21.4,21,20,27.9,26.1,4.8,19.4,4,12.5,35.3,26.5,20.3,19.9,
134,T.J. McConnell,IND,31,51,27,24,900,20.9,23.2,21.3,2.3,3.7,12.9,13,15.2,19.4,18.3,49.2,29.1,34.4,4.9,19.4,12.1,22,19.9,
135,JaVale McGee,SAC,36,39,23,16,310,20.9,26.4,19.9,0,1.6,22.7,27.6,49.3,34.7,38.5,8.1,29.8,23.1,46.3,21.7,30.3,30.6,22.9,
136,Chet Holmgren,OKC,21,60,42,18,1812,20.9,22.5,21.1,22.1,21.7,22.5,23.8,31.2,29.4,29.7,15.7,21.9,14.5,53.8,21,21.4,24.4,22.4,
137,Donte DiVincenzo,NYK,27,60,36,24,1558,20.8,22.2,23.2,43.5,39.2,9.1,10.2,11.5,14.7,13.8,17.9,16.8,29.9,16.3,14.2,20.2,12.5,22.7,
138,Boban Marjanovic,HOU,35,9,5,4,48,20.7,22.7,23.9,0,9.1,30,40,40,47.1,44.9,23.5,9.1,0,20,20,28.6,47.1,22.5,
139,DaQuan Jeffries,NYK,26,13,8,5,34,20.5,20,21.2,11.1,18.9,0,25,0,18.5,16.7,12.5,50,0,0,33.3,22.2,14.3,18,
139,Oscar Tshiebwe,IND,24,8,2,6,42,20.5,24.4,23.3,0,0,33.3,29.6,40,32,35.6,7.7,0,16.7,14.3,66.7,15,27.8,24.1,
141,Marvin Bagley III,WAS,24,43,4,39,909,20.5,25.1,20.4,2.3,2.9,28.2,30.7,54.2,24.2,32.1,9.6,18.1,12.7,35,25.2,21.3,28.4,23.2,
142,Jonas Valanciunas,NOP,31,61,36,25,1539,20.5,23.2,20.4,8.7,9.9,24.2,23.5,45.6,38.3,40.1,15.3,20.2,10.7,35.9,24.6,29,25,21.8,
143,Dalano Banton,POR,24,32,20,12,306,20.5,19.7,20.4,13,16.2,27,27.9,19.6,18.2,18.7,20.5,20.4,18.5,17.1,10.8,23.8,25.2,20.2,
144,Andre Drummond,CHI,30,60,28,32,1039,20.4,23.6,19.7,0,0.5,21.8,28.9,63.4,48.2,53.1,6.5,23.4,35.5,33.3,28.8,26.2,28.2,21.2,
145,Jordan Nwora,TOR,25,32,13,19,344,20.3,20.1,21.9,28.8,28.6,20.1,18,17.5,22.6,21.3,16.4,18.9,18.5,8.3,13.5,22.6,18.7,20.8,
146,Duop Reath,POR,27,45,13,32,782,20.3,23.4,21.7,24.9,25.6,16,18.2,31.8,22.9,25.7,12.9,15.4,17.4,39.1,21.2,32.2,20.7,22.5,
147,Reggie Jackson,DEN,33,61,42,19,1391,20.3,20.4,22.1,22.6,23.1,11.2,10.8,7.6,10.3,9.6,29,20.3,17.8,5.1,17.8,19.1,13,19.3,
148,Kobe Bufkin,ATL,20,9,6,3,89,20.3,17.8,23.4,23.8,25,5.6,9.1,14.3,19,18.2,31.3,17.9,23.1,7.1,44.4,17.6,5.7,16.3,
149,Kevin Love,MIA,35,47,26,21,822,20.3,19.8,20.5,32.7,33.6,22.3,23.3,27.8,43.1,39.4,23.2,19.7,14.4,22.5,8.3,27.3,26.2,21.8,
150,James Harden,LAC,34,54,36,18,1864,20.2,16.5,18.7,29,27.9,31.1,29.4,6.8,19.6,16.7,43.5,28.5,19.7,25.5,20.1,15,23.9,20.4,
151,Tobias Harris,PHI,31,54,34,20,1826,20.2,22.3,21.3,14.8,15.7,19.4,18.4,14.1,21.9,20,17.9,16.9,17.6,12.3,27,12.6,18.7,21,
152,Craig Porter Jr.,CLE,24,36,24,12,498,20.2,19.9,19.8,4.6,5.7,28.6,29.8,14.9,19.3,18.3,30.6,22.8,29,26.1,29.3,18.1,24.2,18.8,
153,Evan Mobley,CLE,22,37,23,14,1160,20,24.4,20,4.1,4.4,22.8,25.2,38.8,34,35,16.8,20.9,18.7,44.4,23.1,24,23.3,22.1,
154,Brandon Williams,DAL,24,12,7,5,59,20,17.8,20.2,13.3,16.7,37.5,39.3,20,9.1,11.9,42.9,16.7,14.3,12.5,28.6,12.5,50,19.8,
154,Drew Peterson,BOS,24,1,1,0,3,20,33.3,25,50,33.3,0,0,0,0,0,33.3,0,0,0,0,100,0,37.5,
154,Jamaree Bouyea,SAS,24,6,0,6,57,20,13.9,19.4,0,17.8,0,0,11.1,25,20,30.8,33.3,0,0,22.2,15.8,4.5,10.2,
154,Scotty Pippen Jr.,MEM,23,8,1,7,181,20,20.1,18.3,24.5,15.4,26.8,27.6,21.6,16.1,17.4,39.1,28.3,29.6,16,11.8,30.4,27,21.7,
158,Michael Porter Jr.,DEN,25,60,42,18,1905,19.9,21.2,22.1,35.8,33.5,10.3,9.8,17.7,25.8,23.7,7.4,14.2,10.6,22.4,14.1,16.6,9.9,21.2,
159,Andrew Wiggins,GSW,29,51,25,26,1388,19.9,20.2,20.9,13,14.6,21,23,23.4,14.6,16.9,10.7,14.6,17.1,23.3,24,19.1,21.1,19.3,
160,Kelly Oubre Jr.,PHI,28,47,28,19,1356,19.9,20.2,21,20.4,23.7,18.3,20.2,19.8,16.9,17.6,7.9,14.6,23.7,15.8,23.3,22.6,19.8,19.9,
161,Jared Butler,WAS,23,22,2,20,178,19.8,22.6,19.2,20.8,20,20.9,18.9,5.7,11.5,10.1,40.2,31.9,31,15.4,9.5,27.9,23,22.1,
162,Austin Reaves,LAL,25,62,33,29,1950,19.7,19.6,19.7,23.8,24.2,22.9,20.6,12.7,15.3,14.8,30.2,24.2,18.9,6.3,18,18,21.6,20.5,
163,Corey Kispert,WAS,25,58,9,49,1324,19.7,22.6,21.5,34.6,32.7,16.4,16.4,7,14.7,12.9,13.5,15.6,12.6,9,19.2,16.9,15,23,
164,Dennis Schroder,BKN,30,60,22,38,1799,19.7,18.1,20.1,22.2,21.7,21.7,19,6,11.7,10.3,32.5,21.4,19.4,6.1,24.2,18.2,19.1,19.1,
165,Nick Smith Jr.,CHA,19,37,7,30,573,19.6,20.4,21.3,31.7,25.5,6.6,6.1,15.8,10.8,11.9,17.7,19.3,9,13,11.8,19.7,6.3,20,
166,Jusuf Nurkic,PHX,29,57,35,22,1550,19.6,17.8,17.8,4.9,8.4,22.9,27,48.6,39.7,41.7,22,27,23.7,33.7,28.6,33.3,26.3,17.1,
167,Jalen Suggs,ORL,22,56,31,25,1491,19.5,19.3,20.1,31.6,30.2,14.2,13.9,11,14.2,13.3,18.2,22.4,30.7,21.8,13.2,25,18.8,19.8,
168,P.J. Washington,DAL,25,53,14,39,1572,19.5,19.1,20.4,23.7,26.1,15.2,16.4,19.1,21,20.5,12.8,19.3,19.8,23.1,19.8,21.1,15.5,19.1,
169,John Collins,UTA,26,57,25,32,1596,19.4,23.1,20.5,15.3,15.8,17.3,18.4,31.1,32.4,32.1,7.5,16.5,15.5,29.1,24.6,24.8,19.9,21.3,
170,Gordon Hayward,OKC,33,31,12,19,885,19.3,18.1,19.3,10.9,11.4,24.1,24.1,15,18.3,17.4,24.8,19.5,21.7,11.9,15.4,13.6,23.2,18.2,
171,Saben Lee,PHX,24,18,10,8,145,19.2,15.5,18.3,6.7,14.6,29.5,32.7,26.9,18.1,19.8,34.3,14.6,36.8,11.1,35.7,20,30.7,18.3,
172,Ziaire Williams,MEM,22,51,20,31,1038,19.2,19.1,20.1,21.3,23.2,17,15.8,15.1,21.5,19.8,14.6,20.1,19.7,7.2,19.1,21.2,16.9,19,
173,Trendon Watford,BKN,23,43,17,26,499,19.2,22,19.6,11.8,11.4,24,20.1,24,22.6,23,20.1,20,20.3,24.4,20.7,33.5,20.4,21.3,
174,De'Andre Hunter,ATL,26,36,16,20,1018,19.2,19.6,19.4,25.1,22.4,26.3,24.7,8.2,17.9,15,8.6,17.6,16.5,11.7,12.7,25.2,28.3,21.4,
175,Norman Powell,LAC,30,58,38,20,1484,19.2,21.5,21.2,30.5,26.9,16,15.7,3.5,13.7,11.4,7.6,12.9,12.8,11,17.2,16.4,16.7,21.7,
176,Marcus Sasser,DET,23,51,7,44,838,19.2,20.2,20.5,26.3,24.4,10.5,10,3.8,14,11.3,33.7,20.5,25.7,9.6,15.4,18.2,13.4,19.3,
177,Cameron Johnson,BKN,28,47,18,29,1314,19.1,20.8,20.6,29.5,27.3,15.8,15.7,14.8,18.2,17.3,16.2,14.2,22.7,8.3,21.3,17.8,15.2,21.3,
178,Jordan Hawkins,NOP,21,54,32,22,1065,19.1,18.1,21.4,34.9,35.3,15.3,13.8,11.2,15.6,14.4,11,12.9,10.4,6.6,12.9,16.1,9.7,19.6,
179,Leonard Miller,MIN,20,7,6,1,26,19,33.3,23.4,14.3,15,0,0,50,52.9,52.6,21.4,10,12.5,33.3,20,30,0,28.3,
180,Dario Saric,GSW,29,58,31,27,1059,19,19.1,19,23,21.6,20.8,18.9,25.9,28.3,27.6,22.6,22.8,19.7,12.3,22.9,24.9,21.6,19.8,
181,Deni Avdija,WAS,23,57,9,48,1618,19,19.2,18.2,16,14.2,26.7,27.4,20.1,29.4,27.5,22.2,23.6,17.1,14.1,25,21.2,28.5,19.8,
182,Deandre Ayton,POR,25,40,10,30,1263,18.9,25.4,20.3,0,0,9.7,9.7,40.1,37.9,38.5,11.2,17.4,19.8,28.2,17,18.3,10.8,20.6,
183,Armoni Brooks,BKN,25,10,3,7,104,18.8,15.2,22.2,40.7,42.1,2.1,3.2,17.5,15.3,16.1,7.9,13.6,7.7,14.3,36.4,7.5,2.3,15.4,
184,Tari Eason,HOU,22,22,12,10,480,18.8,22.1,21.1,14.8,14.8,9.6,11.7,34.8,29.8,31.2,12.1,15.3,36.9,33.3,28.8,21.1,10.8,18.9,
185,Julian Strawther,DEN,21,39,26,13,495,18.8,17.9,21.2,31.7,34.2,12.4,12.9,3.3,14.3,11.4,15.1,12.3,25.4,12.1,13.6,21.3,17.8,18.6,
186,Landry Shamet,WAS,26,43,5,38,686,18.8,19.2,20.8,27.6,29,16.1,15.2,11,9.8,10.1,12.7,14.3,23.8,16.7,23.3,23.5,16.7,19.7,
187,Hamidou Diallo,WAS,25,2,1,1,5,18.8,25,14.3,0,0,0,0,50,0,22.2,50,100,100,0,0,50,0,22.2,
187,Taze Moore,POR,25,3,1,2,10,18.8,25,22.7,0,18.2,0,0,0,0,0,16.7,25,25,0,0,28.6,16.7,17.6,
189,Fred VanVleet,HOU,30,53,25,28,1949,18.7,17.7,19.8,30,29,18.4,17,5.1,12.7,10.9,41.2,17.8,20.3,25.3,10.8,14.6,16.1,19.2,
190,Jalen Smith,IND,23,43,25,18,760,18.7,23.5,19.1,21.4,18.1,23.3,24.6,39.4,35.3,36.4,9,16.4,8.6,36,8.9,26.6,24.7,23.2,
191,Jarrett Allen,CLE,25,55,37,18,1717,18.7,23.1,17.8,0,0.4,26.8,29.2,48.4,32.2,36,14.9,19.7,14.9,37.3,27.3,19.8,33.3,21,
192,Derrick White,BOS,29,56,46,10,1793,18.6,18.1,19.2,24.8,24.3,16.5,15.2,10.4,13.4,12.9,27.2,20.4,24,26,18.9,18.6,17.1,18.7,
193,Evan Fournier,DET,31,11,3,8,191,18.6,19.5,20.6,42.9,36.2,18.5,16.5,7.3,15.2,13.3,14.1,13.6,26.1,11.8,14.3,18.2,11.7,21.4,
194,Duncan Robinson,MIA,29,55,32,23,1545,18.6,19.7,20.3,37.9,35.3,11.7,10.8,4.1,11.9,10.1,19.9,18.2,15.5,11.2,16.3,21.1,10.4,20.4,
195,Jaime Jaquez Jr.,MIA,23,54,33,21,1594,18.6,20,19,12.1,13.8,16.2,16.4,21.3,13,14.9,16.1,21.6,26.1,9.8,28.8,20.6,15.4,18.5,
196,Malaki Branham,SAS,20,56,11,45,1146,18.6,19,20.4,18.6,21,10.3,8.4,8.6,12.4,11.5,17.6,17.1,13.1,4.3,23.7,16.7,9.8,17.8,
197,Santi Aldama,MEM,23,49,18,31,1236,18.6,20,20.1,23.8,23.1,10.7,13.3,22.3,27.1,25.9,16.1,16,16.8,22,14.2,15.5,14.5,19.2,
198,Brice Sensabaugh,UTA,20,11,4,7,88,18.5,16.2,19,29.2,25.8,9.4,7.7,4.8,14.8,12,7.5,30,7.1,0,0,28.9,18.8,16.7,
199,Day'Ron Sharpe,BKN,22,45,19,26,704,18.4,21.6,17.2,2.3,2.4,23.7,28.5,56.5,35.9,42,17.2,22.9,20,44.9,24.7,33.3,29.6,20,
200,Jordan Ford,SAC,25,6,2,4,22,18.4,19,17.9,22.2,14.3,28.6,25,0,14.3,11.1,18.2,33.3,0,0,0,0,20,20.7,
201,Jake LaRavia,MEM,22,16,1,15,225,18.2,18.6,20.6,20.4,29.5,16.8,17.1,22.8,15.3,17.5,15.2,11,16.1,12.5,8.6,25.7,16.7,18.4,
202,Buddy Hield,PHI,31,62,34,28,1673,18.1,17.7,19.9,33.9,32.6,5.9,5.5,11.2,15.2,14.2,18.1,17.9,21.3,16.6,13.6,17.8,4.4,18.1,
203,Jeremy Sochan,SAS,20,61,13,48,1798,18.1,17.7,18.4,12.4,13,15.4,15.8,29,21.1,22.9,19.1,19.2,17.4,11.2,31.8,22.2,16.7,16.8,
204,Trey Murphy III,NOP,23,36,22,14,971,18.1,18.5,20.6,35.3,37.3,16.8,16.9,10,18.1,16.2,12.9,6.3,17.6,17.3,8.2,12.6,15.1,20.2,
205,Rui Hachimura,LAL,26,48,26,22,1210,18.1,20.5,20,21.6,20.1,15.2,16,19.1,16.8,17.2,6.7,10.9,17.7,11.5,19.4,19.1,13.4,19.8,
206,Skylar Mays,LAL,26,31,10,21,419,18.1,18,19.8,16.8,18.9,10.7,10.2,9.6,13.3,12.2,39.2,15.8,26.2,9.3,20.8,14.1,13.8,16.9,
207,Dillon Brooks,HOU,28,51,22,29,1596,18,18.1,19,25.1,22.9,16.2,15.5,11.8,12.6,12.4,10,15.3,20.2,5,11.3,25.3,14.2,18.6,
208,TyTy Washington Jr.,MIL,22,5,3,2,21,18,9.1,21.2,20,15.8,0,0,0,6.3,5.6,12.5,18.2,40,0,0,0,12.5,8.3,
209,Jose Alvarado,NOP,25,40,26,14,679,18,17.3,19.8,29.4,29.9,9.1,10.3,9.5,15.5,13.9,21.1,17.2,30.1,20.6,19.7,21,12.1,17.1,
210,Jalen McDaniels,TOR,26,35,10,25,300,18,15,19.5,14.5,22.7,12.1,13.8,11,16.6,14.9,11,18.4,22,9.1,19.4,24,11,14.4,
211,Keegan Murray,SAC,23,55,32,23,1809,17.9,19,19.9,22.5,23.5,13.6,12,17.8,18.2,18.1,8,10.2,19.9,27.3,17.1,20.6,10.6,18.8,
212,Tre Mann,CHA,23,23,16,7,420,17.9,17.8,18.9,19.7,17.8,14.4,14.9,14.3,23.4,21.7,30.2,18.3,27.9,0,24.3,17.4,21.1,17.7,
213,Adama Sanogo,CHI,22,3,0,3,11,17.9,42.9,16.7,0,0,50,60,50,50,50,0,16.7,0,0,0,0,40,42.1,
214,Miles McBride,NYK,23,48,29,19,676,17.8,21.5,20.5,31.7,26.1,10.9,10.1,7.2,8.1,7.8,18.3,9.5,28.2,7,15.7,24.3,13.9,21.3,
215,Gary Trent Jr.,TOR,25,56,22,34,1507,17.8,17.8,20.5,32.5,30.4,8.5,9.1,4.7,11.8,10,9,8.9,23.4,5.8,12.1,12.2,9.1,18.3,
216,Colby Jones,SAC,21,17,7,10,121,17.8,17.3,20,3.6,14.6,4.7,9.8,23.8,18.5,20.3,17.2,15.2,28.6,7.1,23.1,31.4,12.2,13.9,
217,Jerome Robinson,GSW,27,14,11,3,56,17.8,12.2,19.8,11.8,24.5,28.6,37,4.8,4.7,4.7,9.7,0,0,18.2,0,15.8,28.6,14.7,
218,Greg Brown III,DAL,22,6,3,3,40,17.8,14.7,14.9,12.5,15,21.1,32.1,23.1,17.1,18.8,18.2,23.5,0,57.1,20,41.7,27.8,15.8,
219,Jaden Springer,BOS,21,37,22,15,397,17.8,15.3,17.8,9,15.1,15.7,14.8,27.7,13.8,17.9,19.3,24.1,30.1,26.8,25.4,29,17.4,14.7,
220,Kira Lewis Jr.,UTA,22,19,10,9,152,17.7,15.5,19.8,7.4,19.8,13.7,11.6,12.8,8.8,9.8,31.3,19,27.3,10,23.5,14.1,10.7,14.4,
221,Sam Merrill,CLE,27,42,29,13,662,17.7,20.5,21.4,45.7,38,5.4,4.4,12.4,13.3,13.1,17.5,6.8,14.9,1.8,16.7,17.1,13.2,22.1,
222,Vasilije Micic,CHA,30,40,28,12,590,17.7,13.5,16.9,11,17.2,16.4,16,5,8.8,8,39.4,26.7,13.8,4.4,27.8,16.1,14.1,13.5,
223,David Roddy,PHX,22,53,17,36,1134,17.7,17.3,18.9,16.4,17.9,12.1,13.7,23.1,20.4,21,13.1,15.9,15.2,8.1,20.8,14.6,12.6,16.4,
224,Mouhamadou Gueye,TOR,25,1,0,1,6,17.6,25,27.3,0,0,0,0,66.7,14.3,30,0,0,0,100,0,25,33.3,16.7,
225,Jalen Johnson,ATL,22,46,22,24,1572,17.6,20.7,18.6,13.3,13.7,12.8,14.3,14.8,31.5,26.8,17.9,18.5,21.4,25.9,23.5,20.6,15.2,18.5,
226,Moses Moody,GSW,21,46,25,21,805,17.6,20,19.2,21.2,21.7,16.7,16.3,19.9,15.7,16.9,8,12.7,26.5,24.3,19.6,17,18.8,19.6,
227,De'Anthony Melton,PHI,25,36,23,13,1002,17.6,14.9,18.5,27.6,29,13.6,14.1,12.1,16.4,15.3,19.9,16,30.3,12.2,16.9,21.2,13.8,16,
228,Aaron Gordon,DEN,28,55,37,18,1734,17.5,18.6,16.9,7.2,9.3,22.3,26.8,32.1,18.7,22.1,16.4,18.3,17.5,20.6,26.8,17.6,25.4,18,
229,Markelle Fultz,ORL,25,25,14,11,575,17.5,20.1,19.2,0.8,2.6,7.9,9.1,25.7,13.5,16.7,26.9,17.5,24.6,21.4,31.5,17.6,11.8,16.5,
230,Bruno Fernando,ATL,25,23,10,13,246,17.5,20.3,16.9,0,1.8,27.8,32.3,46.4,28,32.7,10.5,16.9,21.6,56.5,32,42.4,27.7,19.5,
231,Andrew Nembhard,IND,24,48,28,20,1132,17.5,17.3,17.7,12.5,13.5,9.4,8.9,11.7,8.7,9.5,29.2,24.5,23.3,3,11.3,19.2,15.2,15.8,
232,Dennis Smith Jr.,BKN,26,44,17,27,867,17.5,16.6,17.8,10.2,13.2,13,13.3,21.6,17.7,18.7,36.1,22.1,33.6,14.1,19.3,24.9,13.9,15.4,
233,Rayan Rupert,POR,19,18,4,14,133,17.5,15.7,18.8,24.2,18.1,20,18.5,23.1,18.8,20.2,21.3,13.5,11.1,0,30,18,10.6,17.3,
234,Kevin Huerter,SAC,25,57,33,24,1443,17.5,17.6,19.3,26.2,26.8,8.1,7.8,12.6,17.8,16.7,16.6,13.1,15.7,18.1,12.6,20.9,8,17.5,
235,Jevon Carter,CHI,28,57,27,30,771,17.5,16.4,19.9,35.6,36,1.3,1.6,3.6,7.6,6.5,17.3,15.2,20.1,15.5,5.5,18.3,3.7,16.3,
236,Spencer Dinwiddie,LAL,30,56,24,32,1664,17.5,14.5,17.4,18.8,22.6,22.8,22.1,7.4,11.8,10.8,34.6,18.2,20.8,5,11.7,16.1,18.4,16.2,
237,Shake Milton,DET,27,42,27,15,554,17.4,16.4,18.4,14.9,18,16.6,16,11.8,13.8,13.3,20.3,18.9,20.5,8.6,17.9,20.6,16.9,16.3,
238,Jalen Duren,DET,20,45,9,36,1353,17.4,22.2,17.1,0,0.4,21.1,20.6,45.1,39.7,41.1,15.2,20.2,13.1,26.7,20.2,23.6,21.9,19.8,
239,Johnny Juzang,UTA,22,3,1,2,9,17.4,0,30.8,0,44.4,0,0,0,0,0,50,0,0,0,0,50,50,0,
239,Jordan Goodwin,MEM,25,45,25,20,707,17.4,16.2,19.2,19.9,21.8,9.9,10.5,26.9,19,21.2,30,17.3,29.2,14.3,25.6,18.4,10.5,15.3,
241,Amen Thompson,HOU,21,41,15,26,802,17.4,18.7,16.5,3.9,8.2,18.7,20.9,32.3,27.2,28.7,25,24.9,29.6,30.4,17.9,25.1,24,17.2,
242,Admiral Schofield,ORL,26,14,8,6,52,17.4,16.7,19.5,12.5,18.5,0,8,25,18.9,20,20,19,0,0,50,30.4,16.7,13.4,
243,Theo Maledon,PHX,22,17,5,12,213,17.3,11,17.2,10.4,21.9,15.7,12.2,6.1,14.1,11.5,25.9,28.1,23.3,0,29.2,18.6,19.2,11.8,
244,Christian Wood,LAL,28,50,28,22,872,17.3,16.5,17.6,19.3,21.4,18.3,19.7,26.5,33,31.8,10.4,18.2,13.1,30,17.1,23.2,20.3,17.1,
245,Nate Williams,HOU,25,11,3,8,76,17.3,17.9,18.6,6.7,5.9,16.7,19.4,26.7,3.4,11.2,15.4,10.5,15.4,0,35.7,23.1,13.3,16.9,
246,OG Anunoby,NYK,26,41,23,18,1401,17.3,18.6,18.5,23.6,22.9,13.2,13.1,11.7,13,12.7,11,15.3,23.8,19.3,21.8,17.8,13,18.4,
247,Davis Bertans,CHA,31,23,15,8,209,17.2,18,19.9,45.1,41.1,22.2,21.2,5.7,10.1,9.2,10.8,3.6,20,25,13,25,15.1,22.3,
248,Georges Niang,CLE,30,60,39,21,1273,17.2,17.1,19.3,25,26.9,9.3,8.6,7.8,21.5,18.6,9.6,13,9,9.4,10.2,25.3,8.2,17.1,
249,Danilo Gallinari,MIL,35,37,11,26,522,17.2,16.4,17.7,16.7,18.8,33.6,31.2,22.7,23.8,23.6,17.8,10.3,13.8,17.2,13.5,20.7,31.6,19.4,
250,A.J. Lawson,DAL,23,28,16,12,231,17.2,19.1,18.8,18.3,21.3,13.6,14.6,16.7,12.9,14,10.7,14.3,25,11.1,27.3,20.9,11.3,18.2,
251,Josh Minott,MIN,21,21,16,5,62,17.2,19.6,18.8,7.1,12,36.4,34.1,25,22,22.6,9.1,10,25,42.9,12.5,24.1,29.6,22.1,
252,D'Moi Hodge,LAL,25,7,1,6,41,17.2,18.5,22.4,60,40,5.9,8.3,0,0,0,27.8,7.1,14.3,25,0,30.8,6.3,18.4,
253,Cameron Payne,PHI,29,56,34,22,874,17.2,16.9,18.5,27.7,25.8,14,12.5,4.7,10.7,9.3,28.8,17.4,20.3,5.6,12.8,20.7,13.1,17.7,
254,Jabari Smith Jr.,HOU,20,55,25,30,1768,17.2,17.9,18.1,21.2,20.8,16.2,15.8,27.6,29.4,28.9,8.9,14.7,16.3,25.2,19.3,19.4,13.8,18,
255,Monte Morris,MIN,28,15,8,7,216,17.2,17.8,20.4,17.7,20.4,6.7,8.4,9.3,15,13.8,28.7,6,21.2,9.4,20.8,8,10.6,16.1,
256,Hunter Tyson,DEN,23,10,7,3,30,17.1,8,18.5,7.1,21.1,0,0,50,36.8,38.1,5.9,25,0,0,0,35.3,0,7.6,
257,Isaiah Jackson,IND,22,46,28,18,631,17.1,21.9,16.5,0,1,27.6,29.9,49,30.9,35.9,10.1,17.1,24.4,56.2,29,37.3,31,20.7,
258,Ish Wainright,POR,29,7,1,6,46,17.1,22.2,21.4,60,41,13.3,7.4,0,23.1,18,0,7.1,28.6,25,0,17.4,11.8,25.3,
259,Sasha Vezenkov,SAC,28,35,18,17,440,17.1,18.7,20,25.5,24.8,8,7.5,31.9,19.4,22.5,5.8,8,31.4,15.2,24.3,16.9,9,18.4,
260,Moussa Diabate,LAC,22,11,7,4,64,17.1,18.2,16.4,0,0,31,36.8,53.6,25,37.5,12.1,10,50,25,42.9,14.8,38.5,19,
261,Anthony Gill,WAS,31,32,4,28,173,17,13.4,15.3,6.3,10.5,20,19.6,33.3,21.7,24.8,13.6,26.3,18.9,24,15.8,19.4,12.2,13.7,
262,Wendell Carter Jr.,ORL,24,35,19,16,914,17,19.1,17.2,18.5,17.2,22.3,23.3,34.6,27.1,28.8,11.5,14.2,9.9,25,18.7,22.6,24.8,19.5,
263,Jarace Walker,IND,20,20,8,12,207,17,14.6,18.5,29.2,28.5,8.5,7.3,14,23.3,20.4,20.5,19.4,23.5,36,6.7,19.6,12.2,15.1,
264,Chimezie Metu,PHX,26,37,22,15,448,17,17.7,17.2,16,18.5,19.9,18.6,31.2,28.6,29.1,8.3,18.4,26.4,18.8,20,22.2,13.9,17.9,
265,Thomas Bryant,MIA,26,25,14,11,259,16.9,20.2,16.6,0,2.3,22.5,23.4,47.2,30.6,34.5,10.3,18.3,17.1,25,15.4,27.4,16.7,17.9,
266,Malachi Flynn,DET,25,52,25,27,602,16.9,15.7,17.2,23.5,22.6,14.2,14.3,7.6,17.1,14.2,27.5,21.7,22,9.2,16.9,22.1,16.3,16.4,
267,Caleb Martin,MIA,28,43,25,18,1159,16.9,17.1,17.8,18.6,18.5,12.6,13.2,22.1,18.9,19.6,14.6,17.3,18.8,23.9,22.9,20.9,15.1,16.5,
268,Chris Boucher,TOR,31,48,16,32,650,16.9,17.2,16.7,17.3,18.6,28.6,27.9,31.1,30.7,30.8,4.9,13.8,13.1,32.8,20.9,24.2,29.5,18.8,
269,Eric Gordon,PHX,35,50,29,21,1490,16.8,17.5,19.3,31.7,31.5,7,7,4.9,8.8,7.9,13.6,13,20.3,12.4,23.4,10.7,7.6,17.2,
270,Seth Lundy,ATL,23,9,2,7,52,16.8,10.5,21.3,25,28.9,11.5,12.9,14.3,18.8,17.9,0,5.9,0,0,66.7,40,14.3,12.3,
271,Svi Mykhailiuk,BOS,26,26,20,6,206,16.8,14.7,19.2,32.2,32.6,4.4,6.7,12.3,11.4,11.7,12.4,12.3,22.9,0,10.5,13.5,9.1,15.4,
272,Trayce Jackson-Davis,GSW,24,47,26,21,614,16.7,23.5,16.1,0,0,25.1,31.9,43.4,25.2,30.5,12.1,16.8,15.9,54.2,30.3,30.2,23.3,21,
273,Jonathan Isaac,ORL,26,41,26,15,603,16.7,18.1,18.2,17.9,18.1,16.7,18.5,31.9,29.9,30.5,6.5,12.3,25.7,53.5,18.5,16.9,17.5,17.8,
274,Alondes Williams,MIA,24,2,2,0,9,16.7,0,23.1,0,40,0,0,0,12.5,11.1,0,14.3,0,0,100,0,0,0,
274,Jalen Crutcher,NOP,24,1,1,0,3,16.7,0,25,0,0,0,0,0,0,0,0,0,0,0,0,0,0,0,
276,Max Strus,CLE,27,60,39,21,1932,16.7,15.3,17.8,28.1,29,9.4,9.4,12,16.7,15.6,20.6,16.9,16.4,14.3,17,22,12.9,15.9,
277,Zeke Nnaji,DEN,23,46,32,14,450,16.4,15.5,15.2,5.3,6.4,32.7,33.1,50.5,16,25.5,12.1,20.3,17.6,38.8,37.7,31.1,39.8,16.6,
278,Jrue Holiday,BOS,33,55,44,11,1818,16.4,16.5,16.9,18.4,16.1,8.4,8.5,19.6,17.6,18,26.9,22,20.1,16.9,17.6,14.8,11.3,15.6,
279,Ivica Zubac,LAC,26,47,30,17,1247,16.4,21.3,16.1,0,0,17.3,21.5,51.1,33.4,37.5,8.9,15.5,5.5,47.9,30.8,31.1,20.2,18.4,
280,Omer Yurtseven,UTA,25,32,14,18,289,16.4,19,16.4,5.2,7.2,8,11.4,45.9,37.1,39.7,8.4,21.8,12.5,37.9,17.1,29.8,17.3,15.6,
281,Nikola Jovic,MIA,20,26,13,13,444,16.4,14.6,16,23,21,9.3,13.5,21.4,27.5,26.2,18.3,21.9,14.5,22.2,10.4,29.9,18.2,14.9,
282,AJ Green,MIL,24,40,28,12,366,16.4,18.3,20.6,36.6,36.7,8.4,7.2,9.8,14.6,13.7,10.8,4.6,5.2,6.9,4.3,20.9,10,19.7,
283,Patrick Williams,CHI,22,43,19,24,1174,16.3,15.6,16.7,19.7,18.9,12.9,13.1,16.5,15.2,15.5,11.4,19,22.3,29.7,20.4,18.9,12.2,15.7,
284,Sandro Mamukelashvili,SAS,24,33,7,26,213,16.3,16.9,17.5,12.5,17.8,13.8,14.7,46.3,25.9,30.4,22.4,13.3,17.1,42.1,29.6,29.3,13,15.9,
285,Garrett Temple,TOR,37,16,4,12,69,16.3,14.3,16,12.5,16.7,17.2,17.1,25,14.6,18,17.6,20.8,23.1,0,20,28.6,16.7,14.6,
286,Mo Bamba,PHI,25,38,21,17,422,16.3,16.8,15.9,12.4,10.7,14.5,16.9,47,33.2,37.2,12.1,23.5,17.3,61.7,21.6,29.3,17.1,15.9,
287,Aaron Nesmith,IND,24,53,29,24,1429,16.3,17.3,17.2,25.9,23.1,15,16.3,17.1,16.9,17,8.3,13.1,23.4,19.9,21.3,27,19,18,
288,Dante Exum,DAL,28,35,20,15,671,16.3,18.2,16.3,14.8,12.1,15.2,16,15.4,16.8,16.5,25.6,20.4,20,8.6,26.4,20.2,18.2,17.4,
289,Ousmane Dieng,OKC,20,29,17,12,326,16.3,15.8,17,21.3,23.1,12.6,12.1,15.2,17.6,17,17.4,17,10.4,8.1,8.6,18.4,10.9,16,
290,Jay Huff,DEN,26,12,9,3,34,16.3,28.6,20.4,42.9,25.8,15.4,12.5,33.3,40,39.1,7.1,9.1,16.7,0,0,41.2,10,27.4,
291,Lester Quinones,GSW,23,26,16,10,341,16.2,15.2,16.9,26.9,23.7,15.2,16.8,17.9,16.6,17,15.5,15.7,12.8,4.9,17.9,28.9,24.4,16.5,
292,Bol Bol,PHX,24,23,15,8,252,16.2,24.1,19,15.7,15.9,6.6,7.7,32.8,27.3,28.7,7.9,12.8,15.6,36.6,8.7,27.7,5.6,20.3,
293,Jaylen Nowell,MEM,24,9,3,6,156,16.2,16.7,18.6,9.1,18.5,6.3,5.5,8.6,10.8,10.2,20.8,10.6,10.3,0,0,21,7.3,14.3,
294,Precious Achiuwa,NYK,24,54,27,27,1213,16.2,17.8,16.2,6.6,8.8,13,16.2,42.6,26.3,31.3,11.3,18.9,18.3,38.3,19.7,24.6,14.7,15.8,
295,Mark Williams,CHA,22,19,7,12,508,16.2,20.8,15.5,0,0,31.5,33.9,54.3,31.1,37.8,7.4,11.9,20.8,42.6,31.6,26.9,28,19.9,
296,Ausar Thompson,DET,21,60,9,51,1494,16.2,17.6,16.4,6.2,10.7,12.1,15.9,33.1,25.7,27.7,14.6,17.3,32.8,32.9,18.4,25.1,19.8,15.7,
297,Jalen Pickett,DEN,24,20,14,6,107,16.2,14.5,16.9,25.9,27.5,10.3,10.3,6.3,13.7,12.4,21.5,21.2,30,0,16.7,23.4,10.3,15.3,
298,Tyus Jones,WAS,27,60,9,51,1750,16.2,18.3,17.9,21.3,17.9,5.9,5.8,5.4,12.8,11.1,39.9,12.2,24.5,7.7,12,6.3,7.7,17.2,
299,Jabari Walker,POR,21,55,16,39,1213,16.1,17.6,16.3,10.3,12.6,20.7,21.6,34,34,34,8.3,13.9,17.9,17.2,25.2,23.1,21.1,17.4,
300,Clint Capela,ATL,29,52,23,29,1315,16.1,20.1,16.1,0,0,19.3,23.4,56.6,32.6,40.3,7.1,13,14.8,60.2,29.6,25.4,23.1,17.8,
301,Peyton Watson,DEN,21,59,41,18,1072,16.1,16.5,16.7,15.5,17,17.4,18.7,17.1,17.2,17.2,9.5,14.8,22.9,37,19.7,21.3,14.3,16.5,
302,Nate Hinton,HOU,24,11,6,5,58,16.1,17.9,18.2,58.3,26.2,16,14.3,18.8,17,17.4,22.2,12.5,28.6,25,40,35.7,12.5,20.8,
303,Jontay Porter,TOR,24,18,6,12,228,16.1,13.3,17,17.4,22.1,13.8,12.5,33.3,25.2,27.2,23.5,14.9,36.4,45.8,10.7,29.3,7.8,13.9,
304,Saddiq Bey,ATL,24,59,25,34,1921,16,15.4,17.2,19.5,22,19.1,18.4,27.6,17.8,20.8,8.2,9.1,17.6,4.4,18.9,11.3,15.8,16.5,
305,Naji Marshall,NOP,26,49,31,18,926,16,14.6,15.9,16.4,17.4,15.7,15.6,21.2,20,20.3,19,21.3,19.9,12.2,13.2,18.8,14.9,15,
306,Jakob Poeltl,TOR,28,50,21,29,1319,16,20.4,15.3,0,0,13.9,18.3,48,30.9,35.1,15.4,21.2,16.7,53.1,24.8,33.1,19.9,17.7,
307,Ayo Dosunmu,CHI,24,58,28,30,1553,15.9,18.1,16.8,23.1,20,10.2,10.4,10.5,11.3,11.1,18.9,17.8,20.2,14.9,22.5,18.8,9.8,17.5,
308,Stanley Umude,DET,24,17,2,15,190,15.9,15.8,16.3,37,29,26.8,23.5,12.5,22.1,20.1,8.4,14.9,17.4,25,15,27.7,20.5,20,
309,Seth Curry,CHA,33,44,25,19,615,15.9,15.4,18.1,20.7,21.4,12.9,10.8,14.5,12,12.5,13.4,11.7,20.6,9.7,15.3,16.5,10.3,15.7,
310,Kelly Olynyk,TOR,32,59,29,30,1205,15.9,16.6,14.5,14.1,11.8,21.1,20.7,26.6,26.4,26.4,34.3,22.1,27.9,12.3,9.9,30.7,24.2,17.1,
311,Jamal Cain,MIA,24,16,7,9,225,15.9,16,17.2,16.7,17,23.1,22.3,24.1,12.9,15.9,3.6,7.1,30.3,36.4,14.3,19.5,16.1,17.2,
312,Colin Castleton,LAL,23,7,3,4,36,15.9,28,17.5,0,0,22.2,17.4,66.7,25,34.6,17.6,9.1,0,0,0,50,15.4,25.4,
312,Josh Richardson,MIA,30,43,24,19,1103,15.9,17.4,18,24.3,24.4,11.9,10.3,9.4,14,13.1,17.9,11.6,15.1,21.5,8.4,17.3,11.4,17.2,
314,Bruce Brown,TOR,27,52,25,27,1463,15.8,15.1,16.4,10.4,12.9,18,16.7,13.8,19.5,18.1,15.1,13.8,21.2,9.3,17.3,18.5,14.4,15,
315,Luke Kennard,MEM,27,30,10,20,745,15.8,17.6,17.3,35.1,28.1,13.3,11.7,7.1,16.9,14.7,21.3,13.5,12.1,1.1,9.4,11.3,7.9,19.3,
316,Cody Martin,CHA,28,28,7,21,753,15.7,13.1,15.6,13.9,16,10.2,13,12.8,17.9,16.8,26.7,21,29.9,25.4,20.2,17.5,16.3,12.9,
317,Obi Toppin,IND,26,62,34,28,1368,15.7,18.5,16.8,20.4,19,12,12.8,22.6,19.5,20.3,10.6,13.8,15.3,17.6,16,17.8,12.7,17.8,
318,Marcus Morris Sr.,PHI,34,37,22,15,637,15.7,17,17.4,25.7,21.3,10.8,10.3,11.7,22.1,19.3,9.3,12.8,12.6,17.2,8.1,20.1,11.3,16.6,
319,Payton Pritchard,BOS,26,60,48,12,1233,15.7,16.3,17.4,23.9,23.7,7.4,7.3,16.1,15.5,15.7,24.8,12.3,16.7,3.8,12.9,16.9,8.6,16.2,
320,Isaiah Joe,OKC,24,56,39,17,1038,15.7,17.2,18,37.1,32.5,6.7,6.9,11.1,15.6,14.6,11.9,12.8,17.1,11.9,9.3,14.4,14,17.4,
321,Kevin Knox II,DET,24,31,4,27,560,15.7,17.7,17.7,24.4,24.5,9.1,7.6,13.6,15.2,14.8,7.3,13.5,17.1,17.1,16.9,21.1,9.7,16.9,
322,Isaiah Mobley,CLE,24,3,0,3,14,15.6,18.2,15.4,16.7,16.7,0,0,0,28.6,20,50,25,50,0,0,50,0,17.9,
323,Simone Fontecchio,DET,28,59,26,33,1415,15.6,16.7,17.1,28.4,26,7.6,7.9,17.3,14.9,15.5,10.6,13.8,17.6,11.4,14.5,17.1,8.2,16.6,
324,AJ Griffin,ATL,20,18,8,10,132,15.6,11.9,18.7,19.6,28.9,3.2,2.6,9.1,14.5,13.3,6.5,15,4,7.7,10,13.3,1.9,11.3,
325,Nic Claxton,BKN,24,50,19,31,1467,15.6,21.3,15.5,0.3,0.4,16.4,21.8,44.4,36.1,38.1,12.5,15.8,15.4,59.1,19.7,21.9,29.8,18.1,
326,Aaron Holiday,HOU,27,57,25,32,974,15.5,17.2,17.1,26.9,23.4,10.5,8.8,6.8,11.6,10.4,22,16.7,17.9,5.6,12.1,20,11.7,17.2,
327,Xavier Tillman,BOS,25,37,17,20,736,15.5,16.2,16.5,6.3,9,8.5,14.9,35.9,21.5,25,15.2,12.8,29.5,37.4,22.7,20.8,14,13.8,
328,Brandin Podziemski,GSW,21,52,27,25,1392,15.5,15.5,16.5,15,15.5,8.2,10.2,20.9,21.9,21.6,24,17.2,22.1,7.2,15.1,16.9,15.8,14.5,
329,Markieff Morris,DAL,34,18,9,9,160,15.5,13,16.8,22.2,23.3,5.4,5.2,12.5,24.5,21.7,13.9,19.1,21.7,9.1,18.2,18.6,8.9,13,
330,Aaron Wiggins,OKC,25,57,41,16,825,15.5,18.6,16.1,20,16.1,11.9,12.3,27.2,16.6,18.9,10.9,16.9,21.9,8.3,20.4,21.2,11.3,17.8,
331,Brook Lopez,MIL,35,58,39,19,1811,15.4,16.8,17.1,19.9,21.3,10.3,9.6,24.2,15.9,17.6,9.9,11.3,15.6,70.6,8.4,21.8,10.6,16.1,
332,Collin Gillespie,DEN,24,19,12,7,161,15.4,16.5,15.4,27.5,20.5,9.3,10.8,2.9,9.9,8.3,17.4,26.3,34.5,0,33.3,28.6,12.7,16.7,
333,Christian Braun,DEN,22,61,42,19,1173,15.4,15,16,15.9,15.3,20.9,21.2,17.8,20.1,19.5,12.9,12.7,17.5,16.1,23.7,18.7,14.7,15.9,
334,D.J. Carton,TOR,23,3,2,1,23,15.4,17.6,17.1,20,21.4,27.3,27.3,100,11.1,20,27.3,11.1,0,0,0,21.4,22.2,20,
334,Shaquille Harrison,MEM,30,3,1,2,6,15.4,33.3,20,0,0,0,0,0,50,50,0,0,0,100,0,0,0,33.3,
336,Vince Williams Jr.,MEM,23,49,16,33,1329,15.4,14.4,14.5,19.1,18,21.5,20,20.2,25.4,24.1,21.8,19.7,18.3,17.9,13.4,24,21.9,16.1,
337,Emoni Bates,CLE,20,10,6,4,76,15.3,10.9,19.1,21.7,31.3,9.1,9.5,7.1,20.5,17.2,14.6,3.4,8.3,28.6,16.7,15.6,4.5,12.5,
338,Rudy Gobert,MIN,31,59,41,18,1989,15.3,18.1,13.8,0,0.2,26,31.7,53.3,36.8,40.3,6.7,14.5,12.1,50.2,24,23.6,34.6,17.3,
339,Jared Rhoden,DET,24,6,1,5,42,15.3,15,16.9,8.3,16.7,7.1,6.1,25,14.8,16.1,16.7,18.8,0,33.3,50,25,8,12.5,
340,Jaden McDaniels,MIN,23,51,34,17,1486,15.3,16.9,16.7,17,18.3,6.7,6.7,13.6,9.6,10.4,8.6,15,20.9,18.8,11.5,27,9.4,15.4,
341,Quentin Grimes,DET,23,49,30,19,988,15.2,15.1,17.2,29.7,31.1,8.7,8.9,5.7,12,10.3,13,9.9,24.3,8.4,10.6,18,8.1,16,
342,Isaiah Stewart,DET,22,38,6,32,1164,15.2,15.3,15.5,22.1,20.7,14,14.9,24.3,23.8,23.9,10.1,15,8.8,24.4,10.7,17,16.5,15.7,
343,Gradey Dick,TOR,20,40,16,24,650,15.2,17.1,17.3,29.4,25.9,10.2,8.3,10,13.6,12.5,12,11,19.6,0,16.4,20.1,10.5,17.4,
344,Braxton Key,DEN,27,17,12,5,55,15.2,14.3,17,8.3,9.1,22.2,24,50,30.6,33.3,28.6,7.7,22.2,16.7,33.3,18.5,22.2,14.9,
345,Draymond Green,GSW,34,36,21,15,948,15,13.9,13.2,11.9,10.7,14.1,14.4,21,29.3,27.4,35.1,29.1,20.1,36,15.2,27.5,24.3,13.7,
346,Filip Petrusev,SAC,23,3,2,1,9,15,11.1,14.3,0,0,50,40,0,11.1,11.1,0,0,0,0,0,50,20,13.6,
347,Luguentz Dort,OKC,24,58,40,18,1652,14.9,13.4,15.7,25.1,25.2,14,14.1,20.6,14.1,15.4,8.2,12.6,19.2,17.4,16.2,25.7,17.5,14.8,
348,Tre Jones,SAS,24,56,12,44,1479,14.9,15.9,14.9,10.1,11.2,16.1,14.4,12.5,14,13.7,34.6,18.1,22.2,3.4,14.6,12.8,17.4,15.3,
349,DeAndre Jordan,DEN,35,29,19,10,327,14.9,17.7,12.6,0,0,26.2,36.8,51.6,37.8,41.9,12.1,19.4,15.2,34.2,21.4,30.8,38.3,16.8,
350,Troy Brown Jr.,DET,24,43,28,15,493,14.9,14.9,16.4,27.3,27.5,10.8,9.7,15.4,20.1,19,15.1,13.1,14.1,3.6,8.8,14.4,9,15.6,
351,Charlie Brown Jr.,NYK,27,7,1,6,36,14.8,7.1,15.2,20,23.3,0,0,10,3.8,5.6,0,18.2,0,40,100,33.3,0,8.1,
351,Jules Bernard,WAS,24,8,1,7,36,14.8,12.1,16,25,28.1,10,9.5,15.8,12,13.6,27.8,13.3,12.5,16.7,14.3,26.7,18.8,13.1,
353,Matt Ryan,NOP,26,18,10,8,342,14.8,15.3,16.1,39.2,32.1,10.1,8.2,7.9,13,11.8,8.2,14.9,11.3,2.8,2.9,19.3,10.8,17.3,
354,Patrick Beverley,MIL,35,56,34,22,1069,14.8,14.3,14.9,20.2,19.4,12,12,15.2,18.6,17.7,34.9,20.4,15.2,16.5,7.9,20,15.3,14.4,
355,James Wiseman,DET,22,41,4,37,588,14.8,21.2,14.6,0,0.5,13.1,16.8,50.4,29.4,34.6,8.4,18,9.7,35.8,11.6,33.7,14.5,17.7,
356,Alex Caruso,CHI,30,51,24,27,1386,14.8,15.2,14.9,26.7,24,11.5,11.8,16.4,15.4,15.6,20.9,19.6,31.4,35.7,10.8,25.6,17.7,15.8,
357,Ashton Hagans,POR,24,9,2,7,141,14.8,12.7,13.7,8.7,11.3,11.9,11.4,11.6,15.9,14.4,34.9,22.6,21.1,33.3,22.7,25.3,13.3,12.3,
358,E.J. Liddell,NOP,23,8,3,5,23,14.8,6.3,16.2,0,27.8,11.8,9.5,0,35.7,26.3,16.7,25,33.3,66.7,0,50,7.7,7.7,
359,Cedi Osman,SAS,28,61,13,48,1077,14.7,16.4,15.9,25.3,22.7,9.8,11.1,9.6,18.5,16.3,16.3,13.3,20.8,7.2,14.8,19.8,14.8,16.5,
360,Daniel Theis,LAC,31,44,32,12,766,14.7,16.6,15.1,8.5,9.1,11.4,13.1,43.7,22.1,27.2,11.1,16.4,14.8,38.9,28.1,28.7,15.8,14.9,
360,Ty Jerome,CLE,26,2,1,1,15,14.7,15.4,14.8,0,9.1,0,0,33.3,0,10,42.9,25,0,0,0,20,0,12.5,
362,Devonte' Graham,SAS,29,12,3,9,99,14.7,12.4,15.6,22.6,26.8,15,15.4,8.3,21.9,18.2,31.7,12.5,20,6.7,10,12.5,13.2,14.1,
363,Killian Hayes,DET,22,42,7,35,1008,14.7,13.3,15.3,10.1,11.9,10.8,12.4,5.6,15.8,13.6,34.7,15.7,28.8,18.9,9.8,17.2,14.5,12.6,
364,Paul Reed,PHI,24,60,35,25,1100,14.7,18,15.3,5,5,8.9,10,48.7,29.6,35,14.4,16.5,18.9,40.2,12.3,28.9,16.1,15.3,
365,Patrick Baldwin Jr.,WAS,21,20,2,18,153,14.6,13,15.4,23.4,22.3,15.1,15.6,16.3,30.5,26.7,9.1,13.3,5.7,23.5,12,33.8,14.3,14.6,
366,Derrick Jones Jr.,DAL,27,56,31,25,1355,14.6,15.3,15.1,17.2,17,15,16.2,22.8,15.1,16.9,7.8,13.9,21.7,26.8,15.4,17.6,16.2,15.5,
367,Gui Santos,GSW,21,15,10,5,138,14.6,15.4,13.8,19.4,14,27.5,23.1,30.6,24.6,26.4,13.3,16.3,18.8,11.8,22.2,25,18.2,17.7,
368,Harrison Barnes,SAC,31,59,34,25,1745,14.6,15.7,15.6,22.3,20.3,19.1,17.6,13.1,10.7,11.3,6.5,8.9,15.2,7.4,9.8,11,17.4,16.9,
369,Doug McDermott,IND,32,52,14,38,766,14.6,14.8,16.3,39.2,31.7,4.7,6.2,5.9,8,7.5,12.6,11,10.8,2.2,9.5,17.4,4.6,16.2,
370,Jordan Miller,LAC,24,5,4,1,21,14.5,23.5,15.4,16.7,7.1,28.6,28.6,33.3,18.2,23.5,0,12.5,0,0,0,28.6,25,23.4,
371,Orlando Robinson,MIA,23,26,14,12,265,14.5,14.9,14,9.2,7.7,16.7,18.2,38.2,28.9,31.1,19.7,16.9,18.4,43.8,18.8,30.7,18.6,14.5,
372,Grant Williams,CHA,25,57,29,28,1534,14.5,13.7,14.8,20.4,19.5,12.9,12.7,21.6,16.4,17.5,13.3,18,13.9,21.3,17.2,27.5,14.7,14.5,
373,Mike Conley,MIN,36,56,40,16,1615,14.5,14.5,15.9,29.7,26.9,10.9,9.5,7.3,12.1,11.1,39.2,12.5,24.5,6.1,7.5,15.1,11.5,15.6,
374,Jeff Green,HOU,37,58,25,33,960,14.5,14.8,14.1,11.9,13.1,23.2,22.1,15.8,13.6,14.2,11.8,14.8,6.5,23.8,8.8,18.2,19.8,16.1,
375,Aleksej Pokusevski,CHA,22,10,8,2,60,14.5,8.7,14.4,8.7,18.6,18.2,25,20,21.6,21.3,15.2,14.3,20,16.7,0,23.8,11.8,9.5,
376,Herbert Jones,NOP,25,56,34,22,1646,14.5,15.1,14.7,21.2,18.9,16.7,14.9,17.1,12.2,13.4,14.3,15,26.3,23,17.5,24.4,16.8,15.9,
377,Lindy Waters III,OKC,26,25,17,8,171,14.4,17,16.9,36.2,31.2,0,0,3.2,18.6,15.4,14.1,9.1,4,23.5,0,23.6,0,18,
378,Olivier-Maxence Prosper,DAL,21,33,19,14,260,14.4,12.1,14.9,11.8,16.6,24.7,24.1,23.7,23.8,23.8,14.6,7.1,14.7,15.8,17.9,18.1,19.3,14,
379,Noah Clowney,BKN,19,7,3,4,69,14.4,19,14.3,6.3,8.5,20,17.1,40,20.6,26.5,15,15,0,25,13.3,23.8,17.2,17.9,
380,Chris Paul,GSW,38,36,19,17,975,14.3,13.6,15.1,17.7,16.9,10.9,10.4,4.5,18.6,14.8,43.8,15.9,29.7,4.7,8.2,15.4,11.1,13.7,
381,Neemias Queta,BOS,24,23,19,4,283,14.3,18.2,14.7,0,0,16.1,17.2,48.4,28.6,34.7,6.9,13,25,48.3,36,39.1,18.8,15.3,
382,Richaun Holmes,WAS,30,30,9,21,312,14.3,18.1,14.2,1.6,0.4,14.4,16.9,48.8,29.6,35.2,10.7,17.8,10.3,57.9,26.3,30.5,15.2,16.1,
383,Daniel Gafford,DAL,25,54,14,40,1343,14.1,18.3,13.2,0,0,23.4,25.5,58.3,29.4,35.9,9.2,14.8,24.3,55.4,19.7,30.4,26.4,17.1,
384,Julian Champagnie,SAS,22,53,10,43,893,14.1,12.9,15.1,25.8,26.4,14,13.9,16.4,17.5,17.2,11.5,11.8,20.6,20.1,12.6,18.9,11,14.6,
385,Dominick Barlow,SAS,20,24,4,20,307,14,14.9,14,3.8,3.2,20.2,24.5,40.7,26,30.3,15.3,7.8,20.5,41.4,13.5,28.7,22.4,14.4,
386,Jeremiah Robinson-Earl,NOP,23,26,14,12,254,14,17.2,15.5,21.8,18,11.8,10.8,25,22,22.8,8.9,12.2,29,19,10.5,16.7,11.5,16.6,
387,Bryce McGowens,CHA,21,48,9,39,761,14,14.4,14.2,16.9,17.4,20.3,21.6,11.9,15.5,14.7,12.2,11.5,19.4,9.6,16,23.1,21.6,15.5,
388,Blake Wesley,SAS,20,40,10,30,524,14,14.1,12.6,3.6,7.6,16.3,19.8,9.2,10.9,10.4,32.5,23.2,24.7,7.4,11.5,28.8,15.9,13.5,
389,Dylan Windler,LAL,27,11,6,5,35,13.9,16.1,18.6,50,38.5,0,0,0,13.8,12.1,33.3,0,0,0,0,21.4,0,18.1,
389,Robin Lopez,MIL,35,16,10,6,65,13.9,13.2,16.2,9.5,13.6,20,13.3,23.1,5,9.4,13.8,8.3,10,75,16.7,24.1,28.6,13.1,
391,Oshae Brissett,BOS,25,40,33,7,427,13.9,13.3,13.5,8.2,11.1,25.5,28.6,29.1,22.9,24.7,13.3,10.7,27.6,9.1,14.3,22.3,23.2,14.2,
392,Onuralp Bitim,CHI,24,4,1,3,49,13.9,14.3,15.7,36.4,29.6,8.3,6.5,0,26.3,20.4,4,14.3,0,0,40,12.5,13,15.2,
393,Taylor Hendricks,UTA,20,22,9,13,387,13.9,14.2,15.3,19.8,21.9,6.8,7.1,25.5,22.1,23.1,5.6,13.1,23.7,32.5,10.6,23.3,6.5,13.7,
394,Isaac Okoro,CLE,23,51,33,18,1339,13.9,15,14.3,15.6,14.3,17.2,18.6,19.4,10.4,12.5,13.1,11.4,21.3,17.2,20,19.7,16.7,15.3,
395,Chris Duarte,SAC,26,42,25,17,557,13.9,11.6,14.6,18.2,19.4,14.1,12.1,13.1,16.4,15.5,11.6,12.8,28,11.9,15.5,28.3,17.7,12.7,
396,Bilal Coulibaly,WAS,19,56,9,47,1494,13.8,12.8,13.4,14.9,14.2,14.8,16.2,17.1,18.8,18.4,11.7,17.6,18.4,25.1,21.1,18.6,14.2,13.3,
397,Davion Mitchell,SAC,25,49,29,20,658,13.8,13.9,15.1,16.1,16.7,10,9.8,5.1,9.5,8.5,22.4,13.7,13.1,6.1,14.6,21,13.6,13.6,
398,Trevelin Queen,ORL,27,13,5,8,163,13.8,11.5,14.9,5.7,13.3,15,14.1,11.1,15.2,14.4,21.4,12.7,23.3,29.4,0,20.8,17.5,11.2,
399,Malik Beasley,MIL,27,59,38,21,1741,13.7,15.1,15.9,32.8,27.7,2.4,3,10.6,14.3,13.5,8.5,9.2,19.7,2.8,14.6,18.6,4.2,15.2,
400,Gary Payton II,GSW,31,26,15,11,408,13.7,18.1,15.4,10.3,10.9,5.5,6.8,27.5,15.4,18.9,10.9,12.7,32.2,25.7,21.1,24.1,9.5,15.1,
401,Trey Lyles,SAC,28,44,26,18,871,13.7,13.7,14.8,23.8,23.5,11.4,12.5,22.5,25.1,24.5,10.2,11.6,11.8,15.3,9.6,18.6,14.1,14.6,
402,Kyle Anderson,MIN,30,59,41,18,1291,13.7,13.5,13.3,2.3,4.2,13.4,15,17.4,17.5,17.5,35.3,18.4,21.8,17.8,11.8,16.5,13.1,12.3,
403,MarJon Beauchamp,MIL,23,44,29,15,585,13.7,14.1,14.3,17,16.6,8.4,9.6,20.8,18.5,19,9.8,15.8,13.2,10.5,20.9,19,8.8,13.5,
404,Toumani Camara,POR,23,58,17,41,1385,13.7,14,13.8,13.6,14.5,12.2,13.2,27.9,19.7,22.3,9.3,15.5,23.5,22.4,12.5,24.4,17.2,13.6,
405,Moses Brown,POR,24,11,4,7,95,13.7,16.9,14.2,0,0,3.1,14.9,66.7,46,52.2,4.4,13.9,18.2,42.9,46.2,41.4,26.3,12.4,
406,Drew Eubanks,PHX,27,55,29,26,867,13.6,17.4,12.9,1.7,0.5,14.9,16.6,38.5,27.3,29.9,12.4,18.2,16.4,38,20.5,26.2,17.4,15.4,
407,Nickeil Alexander-Walker,MIN,25,61,42,19,1403,13.6,13.3,15.3,23,24.2,6.1,6.3,9.7,9.4,9.5,20.4,13.6,21.5,18.6,16.5,18.5,10.8,13.2,
408,Kris Dunn,UTA,29,53,24,29,957,13.6,12.8,13.2,11.2,11.2,5.2,6.5,14.8,16.3,15.9,33.9,22,35.2,22.9,11.8,25.4,7.5,11.6,
409,Grayson Allen,PHX,28,55,32,23,1830,13.6,13.9,14.2,28.6,24.5,12.3,11.2,9.7,14,13,16.2,13.3,17.4,16.4,10.8,17.1,13.3,15.2,
410,Mason Plumlee,LAC,33,27,18,9,457,13.6,14.6,11.5,0,0,27.9,31.8,47.5,37.5,39.5,12.9,15.6,12.5,20.5,17.4,23.7,30.5,15,
411,Jacob Toppin,NYK,23,8,1,7,37,13.6,20,14.3,10,14.8,16.7,14.3,60,20,28,20,9.1,0,50,25,23.1,7.7,18.1,
412,Royce O'Neale,PHX,30,58,24,34,1449,13.5,12.8,15,27.5,27.2,3.8,4.3,12.5,23,20.2,20.5,13.6,19.6,20.7,9.6,22.8,6.6,13.3,
413,Nick Richards,CHA,26,51,10,41,1331,13.5,18.4,12.1,0,0.1,27.2,29.1,49.6,32,36.3,6.5,13.8,10.1,47.1,17.8,27,25.9,17.7,
414,Mike Muscala,OKC,32,37,8,29,509,13.5,11.2,14.2,17,20.3,10.8,11.5,32,20.7,23.2,11.6,12.2,11.9,27.9,18.5,22.9,13.7,11.9,
415,Dorian Finney-Smith,BKN,30,51,21,30,1418,13.4,13.7,14.7,21.8,22.1,4.4,4.9,25.5,15.6,18.1,10.2,12.3,19.4,19.7,10.5,22.6,6.6,13.5,
416,Jaylin Williams,OKC,21,50,35,15,628,13.4,11.8,14.4,19.7,21.9,9.3,9.6,22.7,31.7,29.7,20.1,12.1,17.2,30,13.4,27.7,15.4,12.4,
417,Sam Hauser,BOS,26,59,48,11,1243,13.4,14.8,15.4,28.7,26.2,3.5,3.2,11.9,17.4,16.1,8.3,8.9,13.5,9.5,8.8,17.4,3.2,15.3,
418,JD Davison,BOS,21,2,2,0,6,13.3,0,11.1,0,14.3,66.7,50,50,14.3,22.2,0,0,0,0,0,0,50,18.2,
419,Onyeka Okongwu,ATL,23,53,23,30,1367,13.3,17.4,13.6,5.3,5.7,14.9,15.4,44.7,25.2,30.3,9.5,11.8,10.5,50.4,16,29.2,14.8,15.5,
420,Trey Jemison,MEM,24,10,1,9,172,13.2,14.2,12.9,0,0,16.7,16.4,53.1,19,27,8.8,14.7,16,58.8,27.8,43.1,21.1,12.6,
421,Alex Len,SAC,30,25,12,13,218,13.2,14.5,11.6,0,1.6,11.1,18.1,52.5,27.3,34.3,19.5,27.8,25,50,21.4,28.1,18.4,12.1,
422,Walker Kessler,UTA,22,51,25,26,1189,13.1,18.7,13.5,1.3,2.2,9.8,13.8,42.9,29.1,32.7,6.6,13.4,15.9,73,17.1,25.9,14.4,15.4,
423,Damian Jones,CLE,28,25,19,6,150,13.1,15.3,13.3,6.1,7,26.3,18,28.1,23.8,24.8,15.8,17,18.8,71.4,18.2,29.1,21.4,15.7,
424,Taurean Prince,LAL,29,59,31,28,1718,13.1,12.7,14.4,26.3,26.2,5.9,6.3,4.9,13.3,11.6,9.8,12,18.6,13,10.7,21.5,7.6,13,
425,Josh Hart,NYK,28,60,35,25,1873,13.1,12.4,13.5,12.4,13.9,8.6,8.7,15.5,29,25,22.7,15.4,18.4,11.2,15.7,17.4,11,11.8,
426,Chris Livingston,MIL,20,16,10,6,69,13,11.1,13.4,4.8,6.4,12.5,9.5,20,27.7,26.3,13.5,20,28.6,0,27.3,23.9,7.1,10.4,
427,Max Christie,LAL,21,48,25,23,796,13,12.1,14,18.2,19.6,10.5,10.3,10,17.4,16.2,11.3,13.2,15.2,16.5,21.3,19.1,7.5,12.4,
428,Josh Green,DAL,23,48,27,21,1314,13,13.6,13.6,16.4,15.6,7.2,8.2,13.2,14.6,14.3,16.5,15.4,21.7,6.5,25.7,17.5,12,13.1,
429,Matt Hurt,MEM,23,6,0,6,86,13,17.5,17.5,20,21.3,7.1,5.1,25,9.8,14.1,12.9,3,12.5,30,16.7,21.4,7,15.3,
430,Kris Murray,POR,23,39,8,31,607,12.9,12.3,13.9,15.4,18.3,6.7,8.2,18.5,16.9,17.5,12.7,12.4,30.6,13,15.2,16.2,9.2,11.7,
431,Yuta Watanabe,MEM,29,34,18,16,464,12.9,10.9,14,21.2,25.4,5.9,7.9,11.2,14.1,13.4,6.6,12.7,16.7,11.3,10.7,21.8,7.3,11.2,
432,Kyle Lowry,PHI,37,42,23,19,1176,12.9,12.1,13,21.3,21.4,9.1,8.7,11.2,15.7,14.5,27.8,18,23,18.2,10.7,22.1,15.2,12.7,
433,Cam Reddish,LAL,24,38,20,18,858,12.9,11.1,13.5,17.7,18.1,11.8,11.4,14.4,11.3,11.9,9.5,11.7,26.8,12,21,19.7,11.7,11.8,
434,Keita Bates-Diop,BKN,28,46,27,19,638,12.9,13.9,14.9,14.5,17,10.3,11,22.2,17.5,18.7,11.1,7.6,26.1,22.9,21.7,14,9.1,13.2,
435,Terance Mann,LAC,27,53,36,17,1342,12.9,14.1,14.2,13.8,16.1,9.3,9.7,23.2,12.6,15.2,13.6,9.3,14.6,9.1,15.7,20.5,10.8,13.3,
436,Kentavious Caldwell-Pope,DEN,31,55,39,16,1743,12.9,11.6,13.5,18.9,19.4,14.9,12.5,6.5,8.5,8,11.5,11.8,27.1,13,8.1,17.4,11.4,12.8,
437,Delon Wright,MIA,31,36,8,28,511,12.9,12,13.9,11.7,11.3,16.6,14.9,13.6,14.1,14,31.7,7.3,44.2,18.8,13.8,11.1,15.9,12.6,
438,Tristan Thompson,CLE,32,36,24,12,446,12.8,15.7,11.7,0,0.3,8.6,18.2,52.7,25,32.1,16.2,18,13.8,34.4,22.9,25.4,23.6,12.5,
439,Keyontae Johnson,OKC,23,9,7,2,66,12.8,9.6,14,6.7,6.8,0,0,28.6,11.8,15.4,12.9,13.8,10,0,33.3,27.8,0,7.9,
440,Ochai Agbaji,TOR,23,60,29,31,1147,12.8,13,14.4,18.7,20,4.8,5.2,15.8,12.7,13.5,8.4,11.4,22.1,20.9,18.5,17.1,6.5,12.3,
441,Dru Smith,MIA,26,9,7,2,131,12.8,16.7,14.1,25.9,18.5,3.5,3.2,20.7,9.9,12.7,28,13.5,34.6,23.1,8.3,25.5,10.3,14.8,
442,Thanasis Antetokounmpo,MIL,31,26,18,8,123,12.8,11.9,12,0,1,0,5.7,37.5,4.7,9.9,19.7,21.6,15,30.8,27.3,36.8,17.2,8.8,
443,Jordan McLaughlin,MIN,27,37,23,14,329,12.8,13.1,14.1,24.7,20.3,4.3,6.1,17.5,12.2,13.2,31.8,12.9,34.7,16.2,12.1,15,10.4,13.4,
444,Johnny Davis,WAS,22,29,2,27,283,12.7,11.5,14.4,3.3,7.2,4.1,6.9,17.6,14.4,15.3,8,8.3,19.6,6.7,11.1,22.9,8.5,9.6,
445,Ben Sheppard,IND,22,37,19,18,428,12.7,11.6,14.2,26.2,26.5,10.5,9.9,7.4,14.6,12.8,10.3,6.7,25.3,3.9,11.5,25.2,8.9,12.9,
446,KJ Martin,PHI,23,43,24,19,488,12.6,15.1,13.2,4.7,6.2,7.1,11,16.2,19.1,18.3,12.1,13.9,17.9,11.5,29.5,27,10,12.8,
447,Ben Simmons,BKN,27,15,7,8,359,12.6,13.3,10.6,0,0,7.5,13.8,37.8,33.5,34.5,38.9,29.3,22.2,26.5,10.3,28.1,18.4,11.1,
448,Chuma Okeke,ORL,25,36,16,20,391,12.6,13.6,15,21.1,23.1,1.4,2.5,18.2,20.4,19.8,10.5,10.3,14.8,17.9,6.7,11.1,2,12.5,
449,Jock Landale,HOU,28,34,13,21,305,12.6,11.2,13.1,2.6,8,14.4,13,43,13.3,21.8,14.9,11.1,17,36.1,30.8,21.4,14.1,10.8,
450,Olivier Sarr,OKC,25,13,7,6,90,12.6,13.9,11.6,6.9,8.6,30,36.1,45.5,35.2,37.6,5,8.6,0,50,0,54.8,31,15.3,
451,Furkan Korkmaz,PHI,26,35,22,13,300,12.6,11.5,14.2,19.4,19.8,8.4,9.4,5.6,14.2,11.8,15.8,10.5,21.2,10.7,6.9,12.5,10.5,11.6,
452,Goga Bitadze,ORL,24,50,26,24,874,12.5,15.5,11.9,1,2.1,14.7,16.9,45.3,26.9,31.9,17.4,13.5,20.9,54.8,16.7,26.4,18.9,14,
453,Caleb Houstan,ORL,21,44,22,22,665,12.5,12.7,14.6,33.9,31.6,7.5,7,13.9,11.2,11.9,8.3,8,14.5,4.4,1.9,18.6,5.8,14.5,
454,Nassir Little,PHX,24,34,21,13,426,12.5,14.5,14.3,20.9,21.8,10,9.4,13.7,19,17.7,9.6,9,14.5,15.2,13.6,20.4,11,14.3,
454,Thaddeus Young,PHX,35,25,6,19,379,12.5,16.8,13.5,1.1,2.6,3.6,7.6,41.4,21.4,26.9,21.6,12.6,31.1,10,17.4,30.7,9,13.1,
456,Keon Ellis,SAC,24,35,21,14,405,12.5,10.8,12.8,20,22.1,9.1,10.1,14.9,12.1,12.8,17.2,15.9,29,31.8,6.5,30.4,13.7,11.9,
457,Josh Okogie,PHX,25,54,33,21,926,12.4,10.9,12.3,12.2,14.5,16.7,18.2,32,12.4,17.5,13.4,10.7,29,19.6,17,18,21.9,12.2,
458,Jalen Wilson,BKN,23,22,6,16,310,12.4,13.7,13.7,18.2,14.5,19.4,16.2,23.7,17.8,19.8,14,5.7,15,4,13.9,19.5,12.6,14.9,
459,Kenrich Williams,OKC,29,49,36,13,708,12.3,13,14.4,19.1,20.1,1.1,2.9,26.1,20.9,22,15.9,9.7,18.9,5.9,16.7,22.9,8.4,11.8,
460,Dyson Daniels,NOP,20,52,30,22,1139,12.3,11.1,12.4,11.1,14.4,7,8.5,19,18.2,18.4,21.9,17.5,34.4,19.1,10.6,18.6,8.1,10.4,
461,Robert Williams III,POR,26,6,2,4,119,12.2,18.1,11.6,0,0,15.6,15,32.4,34.6,33.9,10,21.2,31.8,46.7,19,30.9,16.3,16,
462,Dereon Seabron,NOP,23,6,3,3,55,12.2,8.5,14.1,6.3,6.9,17.2,18.2,10,12.5,12.1,16.7,0,33.3,16.7,20,15.4,14.3,10.1,
463,Isaiah Livers,WAS,25,23,1,22,469,12.2,10.2,13.6,19.1,22.8,6.8,7.6,15.2,11.5,12.5,10.2,10.5,19.1,13.5,14.8,20.2,7.9,10.6,
464,Kessler Edwards,SAC,23,39,24,15,189,12.2,14.1,15.6,27.9,23.6,6.8,7.1,10.2,19.2,16.8,9.6,1.7,15.4,20,21.1,28.1,13.7,14.5,
465,Haywood Highsmith,MIA,27,44,27,17,920,12.2,12.8,13.7,20.9,20.4,5.7,5.9,22.1,14.1,15.9,8.9,9.7,26.3,34.3,12.8,26.4,7.7,12.4,
466,Mason Jones,SAC,25,1,0,1,13,12.1,0,11.5,0,22.2,33.3,40,20,27.3,25,66.7,0,0,0,33.3,0,40,3.7,
467,Cason Wallace,OKC,20,60,42,18,1227,12,13.8,13.7,20.3,19.5,5.5,5.7,17.8,12.2,13.3,12.4,7.7,19.2,14.6,11.5,18.6,6.8,13.4,
468,Trent Forrest,ATL,25,22,10,12,217,12,8.6,11.9,3.9,4.3,11.3,11,8.8,16.8,14.3,39.3,17.5,24.1,5.9,11.1,24,14.7,8.5,
469,Anthony Black,ORL,20,55,30,25,1005,12,11.8,11.8,13.6,12.7,11.8,13.4,13.2,14.2,14,16.3,13.8,17.6,13.1,12.6,23.1,15.5,12,
470,Torrey Craig,CHI,33,33,13,20,694,12,12.3,12.7,22.8,20.8,9.3,9.6,30.6,22.1,24.5,10.6,12.2,16.1,24.6,8.2,27.2,9.2,13,
471,Gary Harris,ORL,29,38,25,13,872,11.9,12.9,14,26.7,25.6,7,7.1,10.6,8.1,8.6,14.7,7.5,23,11.2,4.6,16.5,6.7,13.1,
472,Udoka Azubuike,PHX,24,14,10,4,107,11.9,17.4,11.7,0,0,6.7,16.2,39.3,29.2,32,7.3,12.5,8.3,30,16.7,39.5,17,14.1,
473,Dereck Lively II,DAL,20,43,25,18,1070,11.9,17.1,11.4,0,0.2,10.5,14.8,51.1,26.4,32.2,8.4,16.5,20.5,53.3,16,32.4,15.2,14.1,
474,Ish Smith,CHA,35,43,6,37,741,11.9,10.9,11.5,2.6,1.7,1.5,1.5,7.5,13.8,12.3,38,23,18.9,5.4,8.3,17.4,5.4,8.8,
475,Dalen Terry,CHI,21,40,19,21,404,11.9,9.1,11.2,13.9,18.1,12.8,13.3,12.7,19,17.1,25.3,18.3,20.3,17,10,29.1,12.4,10.1,
476,Jaxson Hayes,LAL,23,51,28,23,569,11.9,16.4,11.7,0,1.8,15.3,18.2,44.6,21.1,25.5,7,12.4,28.4,42.6,24.6,39.2,23.5,14.4,
477,Kendall Brown,IND,20,7,3,4,28,11.8,15,11.8,0,5.9,40,42.9,13.3,0,6.3,15.4,0,0,0,0,33.3,40,19.2,
478,Joe Ingles,ORL,36,47,30,17,813,11.8,10.2,12.4,28.4,24.6,5.2,4.8,9.8,17.5,15.6,29.5,17.8,21.7,4.7,7.1,18,5.5,10.9,
479,Julian Phillips,CHI,20,34,16,18,244,11.7,11.2,12.6,13,17.8,9.1,11.4,13.4,10.7,11.5,9.9,10.4,6.5,16.2,12.1,28.6,13,11,
480,Patty Mills,ATL,35,19,9,10,202,11.7,11,12.6,23.2,19.9,0,0,9.1,10.9,10.4,13.6,15.7,32.1,6.7,4.5,19.3,6.8,11,
481,Jalen Slawson,SAC,24,5,3,2,19,11.6,14.3,10.3,0,9.1,0,0,0,40,28.6,16.7,22.2,0,50,0,25,0,12.1,
482,Danuel House Jr.,PHI,30,34,21,13,509,11.6,11.2,11.2,16.5,17.3,13.6,15.1,13.3,12.2,12.5,12.6,14.6,13.8,10.6,11.1,18.4,16.7,12.2,
483,Gabe Vincent,LAL,27,5,2,3,127,11.5,12.1,14.3,8.7,20,1.9,2.9,8.7,3.2,4.3,24.2,4.9,25,0,9.1,25,5,9.8,
484,Cody Zeller,NOP,31,38,22,16,297,11.5,8.7,9.8,1.3,1.4,16,20,46.6,29.3,34.5,21.6,18.5,13.3,26.7,27,31.8,27.6,9.2,
485,Jacob Gilyard,BKN,25,37,10,27,654,11.5,12,12.2,23.9,20.7,1,0.8,6.1,9.3,8.4,35.9,15.6,27,7.5,5.1,13.5,6.3,12.2,
486,JT Thor,CHA,21,47,11,36,595,11.3,10.9,13,11.7,14.3,3.3,5,26.4,18.4,20.5,6.6,6.9,11.1,35.1,22.6,17.9,5.5,9.8,
487,Terry Taylor,CHI,24,23,10,13,161,11.2,12.1,11.6,6.7,9.2,3.9,4.4,45.5,16.4,23.1,8.3,18.4,14.3,11.8,10,27.6,3.4,10.5,
488,Al Horford,BOS,37,50,40,10,1343,11.2,12.6,12.4,16.1,15.7,3.7,3.5,24,26.2,25.7,19,10.4,16.1,27.3,5.2,16.4,4.5,11.9,
488,Larry Nance Jr.,NOP,31,43,24,19,792,11.2,13.5,10.8,9.3,8.1,9.4,10.1,38.4,29,31.2,15.2,16.1,27.1,22.9,10.3,21.4,16.3,12.4,
490,Jarred Vanderbilt,LAL,24,29,14,15,581,11.1,11.2,10.8,5.3,7.2,10.9,12.5,35.3,24.1,26.6,10.4,15.2,29.5,8.1,18.8,22.2,16.9,10.5,
491,Frank Ntilikina,CHA,25,5,0,5,43,11.1,2.6,11,5.6,18.2,14.3,9.1,14.3,15.6,15.4,13.3,12.5,0,0,0,22.2,5.9,4.6,
491,James Johnson,IND,37,6,2,4,32,11.1,5.9,9.4,0,4.5,20,15.4,10,23.1,17.4,26.1,28.6,30.8,100,33.3,70,10,7,
491,Xavier Moon,LAC,29,2,2,0,12,11.1,12.5,11.1,0,9.1,0,0,0,25,22.2,60,14.3,0,0,0,33.3,0,10,
494,Wendell Moore Jr.,MIN,22,14,11,3,44,11,12.8,11.9,0,11.4,0,0,0,19.4,15.4,9.1,16.7,50,25,0,18.2,0,10.1,
495,Amir Coffey,LAC,26,47,34,13,881,11,13,12,16.5,15,12.3,11.8,9.3,11,10.6,9.2,7.4,20.1,7.6,10,18,11.6,13.3,
496,Jae'Sean Tate,HOU,28,53,23,30,905,11,12.3,11.8,8.2,9.9,6.5,7.2,25.4,18.5,20.2,12.8,10.6,22.2,12.3,13.2,29.8,12.7,10.9,
497,Charles Bassey,SAS,23,19,3,16,205,11,15.8,10,0,0.6,9.6,9,46,39.6,41.3,17.4,21.4,25,60.7,5,37.8,14.1,13.2,
498,Reggie Bullock Jr.,HOU,32,25,11,14,222,10.8,10.8,12.7,29.1,27,1.5,1.1,5.5,19.6,16.1,9.3,7.9,12.9,9.1,3.3,17.9,3.8,11.6,
499,Cory Joseph,GSW,32,26,10,16,296,10.8,8.7,11.5,13.5,17.9,4,5.1,7.5,11.7,10.5,24.6,13.5,10,10,5.1,18.7,7.4,8.7,
500,Luke Kornet,BOS,28,43,33,10,626,10.8,16.3,10.8,0,0,15.3,14.6,46.4,19.3,26.7,11.4,10.5,19.8,55.4,15.8,27.6,21.7,13.9,
501,Isaiah Hartenstein,NYK,25,55,34,21,1384,10.7,12.2,9.6,0.3,0.3,14.1,15.4,49.5,28.9,34.5,16,16.9,27,47.2,14,28.9,16.7,11.2,
502,Wesley Matthews,ATL,37,22,5,17,246,10.7,7.6,10.6,13.2,17,12.3,14.5,8.9,18,16,11,10.9,26.3,23.1,6.5,25,14.8,9.2,
503,Jae Crowder,MIL,33,30,17,13,747,10.6,11.1,11.9,16.9,17.2,5.3,5.8,10.9,18.1,16.7,11.9,8.7,22,8.6,5.8,18.5,8.1,10.8,
504,Kevon Looney,GSW,28,60,32,28,1027,10.6,12.9,10,0,0.1,13.1,15.3,43.3,32.5,35.6,20.2,13.6,19.2,28.6,23.9,31.9,15.5,11.1,
505,Juan Toscano-Anderson,SAC,30,11,7,4,53,10.6,7.5,12.9,7.7,10,0,0,22.2,22.7,22.6,14.3,9.1,16.7,10,66.7,42.3,0,6.4,
506,Maxi Kleber,DAL,32,24,12,12,534,10.5,9.4,10.4,11.4,13.5,8.6,10.4,21.5,19,19.4,16.3,14,11.8,35.6,7.8,24.5,12.4,9.5,
507,Sidy Cissoko,SAS,19,6,1,5,32,10.5,3.7,9.4,0,13.8,25,19,0,22.2,16.2,0,11.1,37.5,0,25,18.2,15.4,7.8,
508,Bismack Biyombo,OKC,31,33,16,17,735,10.5,10.6,8.9,0,0,10.7,16.4,36.2,26.2,28.6,13.2,17.1,10.9,36.8,12.2,26.9,15.7,9.3,
509,Joe Harris,DET,32,16,4,12,170,10.4,9.9,12.6,23.8,25.4,1.5,2.3,7.5,9.6,9,11.4,7.3,13.6,8.7,16.7,22.4,5.5,10,
510,Robert Covington,PHI,33,29,20,9,488,10.4,10.3,11.2,15.6,17.6,11.1,11.1,26.5,19.8,21.5,9.6,7.7,36.8,32.7,11.5,26.2,10.2,11,
511,Matisse Thybulle,POR,27,57,16,41,1323,10.3,9.9,11.5,21,22.2,4,4.2,8.5,11.3,10.5,11.4,8.6,40.1,30.2,5.6,14.9,6.4,10.2,
512,Kobe Brown,LAC,24,33,24,9,285,10.2,10,12,16.4,20.1,1,1.6,12.3,21,18.1,12.1,8.8,17.1,10.7,11.1,30.6,2.9,9.4,
513,Justin Holiday,DEN,34,38,23,15,549,10.1,11.4,11.9,26.7,24.1,1.7,1.7,5.1,11.4,9.9,11.9,6.2,25.8,4.8,0,21.7,3.4,11.7,
514,Leaky Black,CHA,24,22,1,21,218,10.1,9.6,9.8,14.3,10.3,13,15.7,18.2,20.3,19.8,18.9,8.3,20.8,23.1,22.7,20,14.7,10.6,
515,Pat Connaughton,MIL,31,55,36,19,1183,10,10.1,10.8,17.4,17.6,4.5,4.8,15.6,17.9,17.4,16.2,11.3,16.8,13.1,6.5,14.1,7.1,10,
516,Garrison Mathews,ATL,27,44,19,25,561,9.9,10.1,10.9,25.9,22.3,5.1,6,8.5,12.6,11.6,6.3,9.1,14.5,9.3,4.3,29.9,16,11.4,
517,Dean Wade,CLE,27,51,34,17,1024,9.9,9.8,11.3,24.1,22.9,4.7,4.4,14.5,22.4,20.5,6.9,7.2,21.3,22,1.8,24.7,8.2,10.8,
518,R.J. Hampton,WAS,23,8,3,5,76,9.8,6,10.1,4.8,13.3,3.1,4.4,14.3,6.5,7.9,20,15.8,0,0,11.1,30.8,3.3,5.3,
519,Maxwell Lewis,LAL,21,20,9,11,70,9.8,7,10.8,10,7.1,0,0,9.1,3.8,4.7,10.3,15.6,28.6,0,16.7,10,4.2,5.6,
520,John Konchar,MEM,27,46,14,32,894,9.7,10,10.3,11.2,13.2,4.8,4.5,28.4,24.4,25.4,18.1,10.3,25.8,32.6,6.5,16.2,8.7,9.4,
521,Darius Bazley,PHI,23,3,0,3,10,9.5,0,6.7,0,0,0,0,0,25,20,28.6,33.3,0,0,100,0,0,0,
522,Andre Jackson Jr.,MIL,22,47,30,17,500,9.4,10.4,9.7,9.9,10,4.1,4.5,35,17.2,21.4,16.1,14.4,21.5,8,5.1,32.9,5.5,9.3,
523,Dariq Whitehead,BKN,19,2,1,1,24,9.4,4.5,10,0,16.7,8.3,14.3,0,28.6,19,20,0,0,50,14.3,0,12.5,4.9,
524,Mitchell Robinson,NYK,25,21,12,9,613,9.3,11.3,8.6,0,0,6.1,12.2,60.2,25.5,36.4,5.1,12.4,33.7,71.1,15.7,20.2,14.4,9,
525,Jermaine Samuels Jr.,HOU,25,11,6,5,53,9.2,16,11.3,0,6.1,12.5,9.1,18.2,24.3,22.9,8,0,16.7,20,25,16.7,17.6,14.6,
526,Tosan Evbuomwan,DET,23,6,0,6,90,9.2,10.1,11,10.3,11.3,0,0,38.1,15.4,21.9,12.5,3.4,10,12.5,11.1,18.2,13.6,9.3,
527,Dwight Powell,DAL,32,50,29,21,734,9,10.3,6.9,0.4,0.3,19.8,21.8,51.3,21.2,28.7,19,14.6,20,42.2,18.6,32.7,27.4,10.6,
528,Justin Minaya,POR,24,19,1,18,151,9,5.4,9.1,9.7,14.7,5.6,7.8,20,11.1,14.3,14.5,10,20.8,41.7,6.3,18.9,9.8,5.8,
529,Jordan Walsh,BOS,20,4,4,0,33,9,3.2,7.9,0,10.3,0,0,16.7,29,25.6,10.5,20,28.6,33.3,0,35.7,0,2.5,
530,Nicolas Batum,PHI,35,40,25,15,960,8.4,9.1,9,20.4,17.2,2.5,3.1,22,16.3,17.7,15.6,10.6,17.9,20.6,0,19.8,4.7,9,
531,Mouhamed Gueye,ATL,21,2,2,0,4,8.3,0,16.7,0,33.3,0,0,0,0,0,0,0,50,0,0,50,0,0,
531,Otto Porter Jr.,UTA,30,15,6,9,174,8.3,9.2,10,18.6,17.7,4.1,3.3,15,18.4,17.6,7.7,3.9,14.3,25,13.3,27.1,2.8,9.2,
533,Ibou Badji,POR,21,18,5,13,203,7.9,8.3,5.4,0,0,6.6,9.7,43.2,22.8,28.1,17.3,19.2,9.1,62.5,12,42,14.1,7.2,
534,Taj Gibson,NYK,38,16,7,9,165,7.7,5.1,7.6,0,5,4.3,3.8,43.5,14.5,19,14.5,12.8,9.1,54.5,5.9,39.4,5.2,4.5,
535,Ryan Arcidiacono,NYK,29,20,15,5,45,7.4,0,8,0,15,0,0,0,21.6,17.8,22.2,11.8,20,0,0,35.7,22.2,0,
536,Nathan Mensah,CHA,25,25,3,22,307,6.8,5.5,5.2,0,0,8.9,9.4,50,19.4,26.6,7.6,14.4,14.3,50,5.3,47.4,16.7,5.5,
537,Jericho Sims,NYK,25,34,22,12,435,6.3,9.5,5.8,0,0,10.3,12.5,36,22.6,26.4,9.8,8.9,7.4,42.9,4,22.1,12.4,8.4,
538,Micah Potter,UTA,25,2,1,1,7,6.3,0,9.1,0,14.3,0,0,0,100,80,0,0,0,0,0,0,0,0,
539,Marques Bolden,CHA,25,4,2,2,16,5.3,0,3.6,0,0,0,0,0,23.1,23.1,0,25,0,0,0,40,14.3,0,
540,Danny Green,PHI,36,2,1,1,18,4.3,0,5.7,0,7.7,0,0,0,15.4,12.5,7.7,0,50,0,0,12.5,0,0,
541,Usman Garuba,GSW,21,3,2,1,8,4.2,0,7.1,0,0,0,0,33.3,0,16.7,33.3,0,100,0,33.3,50,0,0,
542,P.J. Tucker,LAC,38,18,7,11,270,4.1,2.7,4.1,7.2,8.6,3.1,2.5,27.9,16.7,19.4,6.5,6.5,17,11.5,3.2,31.4,8.5,3.3,
543,Javonte Smart,PHI,24,1,1,0,1,0,0,0,0,0,0,0,0,0,0,0,0,0,0,0,0,0,0,
543,Justin Jackson,MIN,28,2,2,0,1,0,0,0,0,0,0,0,0,0,0,0,0,0,0,0,0,0,0,
543,Malcolm Cazalon,DET,22,1,0,1,3,0,0,0,0,0,0,0,0,0,0,0,0,0,0,0,0,0,0,
543,Pat Spencer,GSW,27,1,0,1,2,0,0,0,0,0,0,0,0,0,0,0,0,0,0,0,0,0,0,
543,Ron Harper Jr.,TOR,23,1,1,0,4,0,0,0,0,0,0,0,0,0,0,33.3,0,0,0,0,33.3,0,0,
543,Vit Krejci,ATL,23,1,0,1,2,0,0,0,0,0,0,0,0,0,0,0,0,0,0,0,0,0,0,
